Recorded at;2021-07-27 14:59:21;Recorded with;Captury Live 1.0.233 2021-05-13 12:52:07 +0200 cc871f0dc;Exported with;Captury Live 1.0.233 2021-05-13 12:52:07 +0200 cc871f0dc
Frames;18
;;;CenterOfGravity;;;LWristPositions;;;LWristAngles;;;LElbowPositions;;;LElbowAngles;;;LShoulderPositions;;;LShoulderAngles;;;RWristPositions;;;RWristAngles;;;RElbowPositions;;;RElbowAngles;;;RShoulderPositions;;;RShoulderAngles;;;LToePositions;;;LToeAngles;;;LAnklePositions;;;LAnkleAngles;;;LKneePositions;;;LKneeAngles;;;LHipPositions;;;LHipAngles;;;RToePositions;;;RToeAngles;;;RAnklePositions;;;RAnkleAngles;;;RKneePositions;;;RKneeAngles;;;RHipPositions;;;RHipAngles;;;LClaviclePositions;;;LClavicleAngles;;;LHandEndPositions;;;LToesEndPositions;;;RClaviclePositions;;;RClavicleAngles;;;RHandEndPositions;;;RToesEndPositions;;;Spine1Positions;;;Spine1Angles;;;Spine2Positions;;;Spine2Angles;;;Spine3Positions;;;Spine3Angles;;;Spine4Positions;;;Spine4Angles;;;Spine5Positions;;;Spine5Angles;;;NeckPosition;;;NeckAngles;;;HeadPositions;;;HeadAngles;;;HeadEndPositions;;;HeadEndRotations;;;Frontal Plane Knee Angle;;Frontal Plane Projection Angle;;Left Toe Out;Right Toe Out;Knee Hip Ratio;Knee Ankle Ratio;Left Varus/Valgus;Right Varus/Valgus;
Frame;Sub Frame;Annotations;X;Y;Z;X;Y;Z;X;Y;Z;X;Y;Z;X;Y;Z;X;Y;Z;X;Y;Z;X;Y;Z;X;Y;Z;X;Y;Z;X;Y;Z;X;Y;Z;X;Y;Z;X;Y;Z;X;Y;Z;X;Y;Z;X;Y;Z;X;Y;Z;X;Y;Z;X;Y;Z;X;Y;Z;X;Y;Z;X;Y;Z;X;Y;Z;X;Y;Z;X;Y;Z;X;Y;Z;X;Y;Z;X;Y;Z;X;Y;Z;X;Y;Z;X;Y;Z;X;Y;Z;X;Y;Z;X;Y;Z;X;Y;Z;X;Y;Z;X;Y;Z;X;Y;Z;X;Y;Z;X;Y;Z;X;Y;Z;X;Y;Z;X;Y;Z;X;Y;Z;X;Y;Z;X;Y;Z;X;Y;Z;X;Y;Z;X;Y;Z;X;Y;Z;X;Y;Z;X;Y;Z;Left;Right;Left;Right;;;;
;;;cm;cm;cm;cm;cm;cm;deg;deg;deg;cm;cm;cm;deg;deg;deg;cm;cm;cm;deg;deg;deg;cm;cm;cm;deg;deg;deg;cm;cm;cm;deg;deg;deg;cm;cm;cm;deg;deg;deg;cm;cm;cm;deg;deg;deg;cm;cm;cm;deg;deg;deg;cm;cm;cm;deg;deg;deg;cm;cm;cm;deg;deg;deg;cm;cm;cm;deg;deg;deg;cm;cm;cm;deg;deg;deg;cm;cm;cm;deg;deg;deg;cm;cm;cm;deg;deg;deg;cm;cm;cm;deg;deg;deg;cm;cm;cm;cm;cm;cm;cm;cm;cm;deg;deg;deg;cm;cm;cm;cm;cm;cm;cm;cm;cm;deg;deg;deg;cm;cm;cm;deg;deg;deg;cm;cm;cm;deg;deg;deg;cm;cm;cm;deg;deg;deg;cm;cm;cm;deg;deg;deg;cm;cm;cm;deg;deg;deg;cm;cm;cm;deg;deg;deg;cm;cm;cm;cm;cm;cm;deg;deg;deg;deg;deg;deg;Ratio;Ratio;deg;deg;


1;0;;-81.586536;-178.565186; 96.852386;-76.108148;-222.656445; 92.802740; 9.676340;-14.637688;-0.478412;-67.908521;-209.760352; 116.645142; 0.000000; 155.778809; 0.000000;-71.537848;-189.576563; 144.073389; 95.577446; 92.973526; 151.687180;-101.930109;-139.334338; 91.215149; 7.591409;-28.638117;-20.449402;-94.388776;-141.469690; 118.428589; 0.000000; 144.974045; 0.000000;-85.417108;-163.085840; 143.430945; 78.776787;-16.977991; 122.034576;-87.127045;-210.255664; 3.856711; 3.032186;-11.449547;-0.068843;-76.023572;-206.924829; 11.107553; 3.032186;-11.449547;-0.068843;-90.908075;-201.230518; 46.582712; 35.208950; 0.223238;-3.938432;-79.044177;-186.304541; 84.158179; 10.876209;-14.790385;-6.807368;-85.825983;-152.795264; 3.710468; 15.288550; 10.997652; 0.692395;-73.241821;-155.134155; 8.519281; 15.288550;-10.997652;-0.692395;-88.054486;-161.723669; 43.869287; 19.690460;-0.629112;-18.389030;-85.373291;-168.127332; 85.429565;-8.887732;-2.697283;-10.946198;-79.243427;-182.089233; 147.301367; 1.300024; 2.320015; 7.380517;-76.557202;-225.878784; 82.992920; 0.000000; 0.000000; 0.000000; 94.075525; 0.614118;-212.339063; 0.000000; 0.000000; 0.000000;-82.451392;-173.279456; 147.057336; 1.300024;-2.320015; 7.380517;-99.404749;-138.730212; 81.211389; 0.000000; 0.000000; 0.000000;-93.336670;-151.399561; 1.524637; 0.000000; 0.000000; 0.000000;-78.315564;-176.566187; 94.885089; 0.000000; 0.000000; 0.000000;-78.212292;-177.169397; 107.219995; 0.000000; 0.000000; 0.000000;-76.216772;-176.650171; 116.256531; 0.000000; 0.000000; 0.000000;-72.493396;-175.200049; 127.046130; 0.000000; 0.000000; 0.000000;-73.704840;-175.187805; 143.412842; 0.000000; 0.000000; 0.000000; 0.000000; 0.000000; 0.000000; 0.000000; 0.000000; 0.000000; 0.000000; 0.000000; 0.000000; 0.000000; 0.000000; 0.000000;-82.206921;-178.387708; 180.147803; 0.000000; 0.000000; 0.000000;-16.148737;-2.190799;-0.969144; 7.274971;-2.118759; 27.657223; 2.058249; 0.764543;-0.382730;-0.912184;-0.146420; 0.896766;-0.328709;-0.296243; 0.397450; 0.892641; 0.212663; 0.997507; 26.096024;
2;0;;-81.490820;-179.373352; 96.841235;-74.913312;-221.923828; 91.933093; 6.327576;-10.863808;-0.598746;-67.027307;-208.781372; 115.746741; 0.000000; 156.892838; 0.000000;-70.905420;-190.045117; 144.150598; 111.937546; 99.387207; 151.736694;-103.882178;-141.527539; 90.260437; 9.182549;-25.942595;-19.577610;-96.091296;-144.774390; 117.293066; 0.000000; 151.499283; 0.000000;-85.931494;-164.269336; 143.553137; 80.777496;-19.447338; 124.406235;-89.057104;-211.857861; 3.709643; 0.876585;-11.469419;-0.041913;-77.853870;-208.212280; 10.648923; 0.876585;-11.469419;-0.041913;-90.577808;-202.465723; 46.946838; 32.787220; 0.089732;-5.177908;-78.449030;-186.944214; 84.195032; 12.889102;-14.844608;-5.466932;-85.990320;-152.860278; 3.680959; 14.388521; 11.112346; 0.772421;-73.381299;-155.052869; 8.493585; 14.388521;-11.112346;-0.772421;-87.583759;-162.086731; 44.008020; 18.204870;-0.563826;-17.801821;-85.279858;-168.953186; 85.517017;-9.235923;-2.983741;-12.279295;-79.077655;-183.058228; 147.352759; 1.222248; 2.133155; 9.153521;-76.247681;-225.373950; 82.282507; 0.000000; 0.000000; 0.000000; 96.031952; 0.662110;-214.138281; 0.000000; 0.000000; 0.000000;-82.550403;-174.348743; 147.134973; 1.222248;-2.133155; 9.153521;-101.838416;-139.891858; 80.262177; 0.000000; 0.000000; 0.000000;-93.516278;-151.552795; 1.493099; 0.000000; 0.000000; 0.000000;-78.051489;-177.244482; 94.974176; 0.000000; 0.000000; 0.000000;-78.006018;-177.908264; 107.306323; 0.000000; 0.000000; 0.000000;-76.069812;-177.376196; 116.355005; 0.000000; 0.000000; 0.000000;-72.436938;-175.865283; 127.167090; 0.000000; 0.000000; 0.000000;-73.731488;-175.972388; 143.527087; 0.000000; 0.000000; 0.000000; 0.000000; 0.000000; 0.000000; 0.000000; 0.000000; 0.000000; 0.000000; 0.000000; 0.000000; 0.000000; 0.000000; 0.000000;-81.719403;-179.535669; 180.287024; 0.000000; 0.000000; 0.000000;-15.239498;-2.474172; 0.083929; 7.415900;-2.382759; 28.505627; 2.104583; 0.760363;-0.327175;-0.933340;-0.147763; 0.909109;-0.268223;-0.318711; 0.345790; 0.912551; 0.218358; 0.997119; 24.617615;
3;0;;-81.517352;-179.961511; 96.883148;-72.953339;-219.808521; 90.387628; 3.325618;-7.403625;-0.765238;-66.143835;-207.018750; 114.719812; 0.000000; 158.730652; 0.000000;-70.486078;-190.296411; 144.289624; 131.280273; 104.623489; 152.442169;-105.355896;-143.690649; 89.288501; 11.433616;-23.440744;-18.531242;-97.492798;-148.275293; 116.105579; 0.000000; 159.003342; 0.000000;-86.678546;-165.288440; 143.790784; 83.845406;-21.413015; 127.548546;-90.645557;-213.353564; 3.623151;-1.834261;-11.470043;-0.025331;-79.440491;-209.556592; 10.477762;-1.834261;-11.470043;-0.025331;-90.293060;-203.352380; 47.304248; 30.427223;-0.048440;-6.720809;-78.082910;-187.283875; 84.293005; 14.385921;-14.921274;-5.119268;-86.148773;-152.969531; 3.706969; 13.540422; 11.075919; 0.916849;-73.518811;-154.991357; 8.539423; 13.540422;-11.075919;-0.916849;-87.149536;-162.421033; 44.197012; 16.404697;-0.285208;-17.269567;-85.483752;-169.525964; 85.696387;-9.974933;-2.693391;-13.699205;-79.069073;-183.814600; 147.479321; 1.131614; 1.934455; 10.705302;-74.703662;-223.393872; 80.853522; 0.000000; 0.000000; 0.000000; 97.612183; 0.628705;-215.727539; 0.000000; 0.000000; 0.000000;-82.812360;-175.216980; 147.302527; 1.131614;-1.934455; 10.705302;-103.717004;-140.876672; 79.479669; 0.000000; 0.000000; 0.000000;-93.688788;-151.765295; 1.508252; 0.000000; 0.000000; 0.000000;-78.047705;-177.649646; 95.137982; 0.000000; 0.000000; 0.000000;-78.046002;-178.395642; 107.465503; 0.000000; 0.000000; 0.000000;-76.160571;-177.859241; 116.524646; 0.000000; 0.000000; 0.000000;-72.603638;-176.297925; 127.354797; 0.000000; 0.000000; 0.000000;-73.937415;-176.542322; 143.710168; 0.000000; 0.000000; 0.000000; 0.000000; 0.000000; 0.000000; 0.000000; 0.000000; 0.000000; 0.000000; 0.000000; 0.000000; 0.000000; 0.000000; 0.000000;-81.385547;-180.633569; 180.481824; 0.000000; 0.000000; 0.000000;-15.049392;-2.592161; 0.272681; 7.249143;-3.378197; 29.460857; 2.134284; 0.749625;-0.279055;-0.946931;-0.159531; 0.920209;-0.216210;-0.326294; 0.300691; 0.924153; 0.235640; 0.996610; 22.871902;
4;0;;-81.619354;-180.698645; 96.975183;-72.019635;-218.262451; 89.266425; 0.646744;-4.457357;-0.938364;-66.012579;-206.069019; 114.110706; 0.000000; 160.392517; 0.000000;-70.399823;-191.000220; 144.549976; 144.873840; 107.826591; 153.264099;-107.275317;-147.136792; 88.530566; 13.757463;-21.032278;-17.597700;-98.943658;-152.322205; 115.095532; 0.000000; 165.648163; 0.000000;-87.391473;-166.417847; 144.090796; 87.134407;-23.784311; 132.117508;-91.946985;-214.381738; 3.567228;-3.734649;-11.507412;-0.029582;-80.638916;-210.817139; 10.377325;-3.734649;-11.507412;-0.029582;-90.007965;-204.052429; 47.511136; 28.189180; 0.049676;-8.706578;-77.858942;-187.809290; 84.443707; 15.140032;-14.855211;-5.204587;-86.224780;-152.995056; 3.777097; 12.594105; 11.093963; 0.899616;-73.606775;-154.996729; 8.649008; 12.594105;-11.093963;-0.899616;-86.746356;-162.649304; 44.443561; 14.968131;-0.253202;-16.702120;-85.559821;-170.182385; 85.883850;-10.309171;-2.851888;-15.049369;-79.157336;-184.710889; 147.649341; 0.845738; 1.440991; 10.933314;-74.068384;-221.995264; 79.849084; 0.000000; 0.000000; 0.000000; 98.972296; 0.600735;-216.613623; 0.000000; 0.000000; 0.000000;-83.050476;-176.179309; 147.515039; 0.845738;-1.440991; 10.933314;-106.229529;-143.421277; 78.943134; 0.000000; 0.000000; 0.000000;-93.760461;-151.803967; 1.556493; 0.000000; 0.000000; 0.000000;-78.058826;-178.232178; 95.337366; 0.000000; 0.000000; 0.000000;-78.129980;-179.047729; 107.660278; 0.000000; 0.000000; 0.000000;-76.295367;-178.530298; 116.730945; 0.000000; 0.000000; 0.000000;-72.792932;-176.967517; 127.578638; 0.000000; 0.000000; 0.000000;-74.148004;-177.328467; 143.930103; 0.000000; 0.000000; 0.000000; 0.000000; 0.000000; 0.000000; 0.000000; 0.000000; 0.000000; 0.000000; 0.000000; 0.000000; 0.000000; 0.000000; 0.000000;-81.189648;-181.994946; 180.684229; 0.000000; 0.000000; 0.000000;-14.999714;-2.802537; 0.180226; 7.292721;-5.290054; 30.238358; 2.158921; 0.739845;-0.240909;-0.954833;-0.173943; 0.935421;-0.180650;-0.303898; 0.264417; 0.928080; 0.262204; 0.995471; 21.430405;
5;0;;-81.619006;-181.352515; 97.070807;-70.523505;-215.726733; 87.662634;-1.486417;-1.925267;-1.126444;-65.785486;-204.827783; 113.368018; 0.000000; 162.700485; 0.000000;-70.348395;-191.928906; 144.763306; 155.553055; 110.264275; 155.329453;-108.509961;-150.335535; 88.177295; 15.883305;-18.613968;-16.740396;-99.829889;-155.956714; 114.541309; 0.000000; 170.899231; 0.000000;-88.012488;-167.654541; 144.480835; 90.447365;-25.234913; 135.582809;-92.683527;-214.818237; 3.524257;-4.595820;-11.469936;-0.057315;-81.246429;-211.381226; 10.182791;-4.595820;-11.469936;-0.057315;-89.489417;-204.345715; 47.532700; 26.249325; 0.006656;-10.241863;-77.569604;-188.165039; 84.567230; 15.691963;-14.769548;-5.245916;-86.289435;-153.090735; 3.881908; 11.621597; 11.037130; 0.958568;-73.689502;-155.067578; 8.810406; 11.621597;-11.037130;-0.958568;-86.358533;-162.954700; 44.723486; 13.599636; 0.008884;-16.213320;-85.610620;-170.701636; 86.134576;-10.519007;-2.437357;-16.386007;-79.175665;-185.716626; 147.819873; 0.629255; 1.083523; 10.150727;-72.521912;-219.371021; 78.199915; 0.000000; 0.000000; 0.000000; 99.772699; 0.652259;-216.970337; 0.000000; 0.000000; 0.000000;-83.241815;-177.265295; 147.756494; 0.629255;-1.083523; 10.150727;-108.070679;-145.868555; 78.867584; 0.000000; 0.000000; 0.000000;-93.818262;-151.916235; 1.629442; 0.000000; 0.000000; 0.000000;-78.028613;-178.709619; 95.558917; 0.000000; 0.000000; 0.000000;-78.172937;-179.659546; 107.871558; 0.000000; 0.000000; 0.000000;-76.392102;-179.198218; 116.955957; 0.000000; 0.000000; 0.000000;-72.948602;-177.666516; 127.826929; 0.000000; 0.000000; 0.000000;-74.313861;-178.200781; 144.172803; 0.000000; 0.000000; 0.000000; 0.000000; 0.000000; 0.000000; 0.000000; 0.000000; 0.000000; 0.000000; 0.000000; 0.000000; 0.000000; 0.000000; 0.000000;-81.111871;-183.452222; 180.881653; 0.000000; 0.000000; 0.000000;-14.756834;-2.973482;-0.062557; 7.090635;-6.979637; 31.113720; 2.156832; 0.732017;-0.211954;-0.960390;-0.180906; 0.944372;-0.153645;-0.290783; 0.235914; 0.932506; 0.273453; 0.995042; 20.105896;
6;0;;-81.506989;-182.085046; 97.161621;-69.107025;-213.400879; 86.256274;-2.841684; 0.584303;-1.280731;-65.964374;-203.972656; 112.774854; 0.000000; 166.127747; 0.000000;-70.414606;-193.147192; 144.959790; 161.722565; 111.385994; 158.079498;-109.704968;-154.689978; 87.951941; 17.943558;-15.976760;-15.858241;-100.584399;-159.323682; 114.359265; 0.000000; 172.768143; 0.000000;-88.272717;-168.802124; 144.878882; 93.453590;-27.010235; 139.551682;-92.860779;-214.518408; 3.460897;-3.793741;-11.380029;-0.062594;-81.178070;-211.421704; 9.854724;-3.793741;-11.380029;-0.062594;-88.845282;-204.447351; 47.338480; 24.700048; 0.102149;-11.682546;-77.356689;-188.754761; 84.717719; 15.326067;-14.568717;-5.070081;-86.282037;-153.307422; 3.951078; 10.514138; 10.907176; 0.912268;-73.703162;-155.321851; 8.917990; 10.514138;-10.907176;-0.912268;-85.795923;-163.352112; 44.997626; 12.102269; 0.262056;-15.590250;-85.459424;-171.327808; 86.370654;-10.701418;-2.221971;-17.317934;-79.113525;-186.751367; 148.005774; 0.488567; 0.857263; 8.707162;-70.754968;-216.942749; 76.687732; 0.000000; 0.000000; 0.000000; 100.073511; 0.752988;-216.462622; 0.000000; 0.000000; 0.000000;-83.204156;-178.311621; 147.998987; 0.488567;-0.857263; 8.707162;-110.021716;-150.003857; 78.745563; 0.000000; 0.000000; 0.000000;-93.801031;-152.112646; 1.676539; 0.000000; 0.000000; 0.000000;-77.905780;-179.383472; 95.777118; 0.000000; 0.000000; 0.000000;-78.114307;-180.429578; 108.081042; 0.000000; 0.000000; 0.000000;-76.362463;-180.028552; 117.173938; 0.000000; 0.000000; 0.000000;-72.930121;-178.559204; 128.057031; 0.000000; 0.000000; 0.000000;-74.277185;-179.198950; 144.400623; 0.000000; 0.000000; 0.000000; 0.000000; 0.000000; 0.000000; 0.000000; 0.000000; 0.000000; 0.000000; 0.000000; 0.000000; 0.000000; 0.000000; 0.000000;-80.944293;-184.821204; 181.077319; 0.000000; 0.000000; 0.000000;-14.303252;-3.462832;-0.206534; 6.643076;-8.909073; 31.430199; 2.139746; 0.729190;-0.197149;-0.963832;-0.179334; 0.953097;-0.145582;-0.265352; 0.220293; 0.934877; 0.278346; 0.994411; 18.643356;
7;0;;-81.261792;-182.877063; 97.193219;-67.719934;-210.984888; 85.015332;-4.235178; 2.583536;-1.280783;-66.061157;-203.434839; 112.259570; 0.000000; 169.122971; 0.000000;-70.528973;-194.772644; 145.090515; 163.947739; 111.839638; 161.729401;-109.642456;-158.247485; 87.903699; 19.636154;-13.722013;-15.167678;-100.720947;-161.611328; 114.570056; 0.000000; 171.773071; 0.000000;-88.332245;-170.087439; 145.352222; 95.284538;-27.450529; 141.229797;-92.599982;-214.262598; 3.990488; 0.932472;-9.875587;-0.507132;-80.440039;-211.027612; 9.340897; 0.932472;-9.875587;-0.507132;-87.944708;-204.416943; 46.923328; 23.597786;-0.305764;-12.231481;-77.029639;-189.446301; 84.767670; 14.891612;-14.205292;-4.268091;-86.346710;-153.420300; 4.022187; 9.418235; 10.761417; 0.891766;-73.787518;-155.469128; 9.024716; 9.418235;-10.761417;-0.891766;-85.300177;-163.685022; 45.252029; 10.847767; 0.217350;-15.007929;-85.230963;-172.077686; 86.543811;-10.724217;-2.208676;-18.203396;-78.983813;-188.035547; 148.087683; 0.235036; 0.425635; 6.101874;-69.065332;-214.196191; 75.284192; 0.000000; 0.000000; 0.000000; 100.013129; 1.931023;-216.247583; 0.000000; 0.000000; 0.000000;-83.111169;-179.613940; 148.152576; 0.235036;-0.425635; 6.101874;-110.430029;-153.595471; 78.708258; 0.000000; 0.000000; 0.000000;-93.856860;-152.207898; 1.727835; 0.000000; 0.000000; 0.000000;-77.689703;-180.186450; 95.914526; 0.000000; 0.000000; 0.000000;-77.961578;-181.356458; 108.206055; 0.000000; 0.000000; 0.000000;-76.244440;-181.033374; 117.308679; 0.000000; 0.000000; 0.000000;-72.835504;-179.646692; 128.209961; 0.000000; 0.000000; 0.000000;-74.180304;-180.431665; 144.547412; 0.000000; 0.000000; 0.000000; 0.000000; 0.000000; 0.000000; 0.000000; 0.000000; 0.000000; 0.000000; 0.000000; 0.000000; 0.000000; 0.000000; 0.000000;-80.834711;-186.429333; 181.170203; 0.000000; 0.000000; 0.000000;-13.729535;-3.969064;-0.528971; 6.485009;-9.542953; 31.849693; 2.117829; 0.730068;-0.192970;-0.966369;-0.169982; 0.953305;-0.143631;-0.265670; 0.214545; 0.941193; 0.261010; 0.995307; 17.359802;
8;0;;-81.262653;-183.876563; 97.295636;-66.431433;-208.237500; 84.176770;-5.397794; 4.186616;-1.309790;-66.260620;-202.798865; 111.968774; 0.000000; 171.919876; 0.000000;-70.864990;-196.490625; 145.313525; 162.950531; 111.224777; 166.767029;-110.733118;-163.357751; 88.244666; 20.806185;-11.663969;-14.647336;-101.620886;-164.123328; 115.047363; 0.000000; 168.533524; 0.000000;-88.340833;-171.287915; 145.791064; 96.644852;-29.420727; 143.787445;-92.580829;-214.173096; 3.792142; 1.501845;-9.191368;-0.586410;-80.346436;-211.049976; 9.038287; 1.501845;-9.191368;-0.586410;-87.742175;-204.805249; 46.704813; 22.939621;-0.540434;-12.328372;-77.033447;-190.676184; 84.929755; 14.247270;-13.365647;-3.523507;-86.416333;-153.461609; 4.161753; 8.383401; 11.151835; 0.770578;-73.920099;-155.728882; 9.227316; 8.383401;-11.151835;-0.770578;-85.142639;-164.195801; 45.487854; 10.447687; 0.130125;-14.651905;-85.039978;-173.211133; 86.648108;-10.353860;-3.307461;-18.853403;-78.941681;-189.275732; 148.240686;-0.033463;-0.062481; 3.310488;-67.458075;-210.954272; 74.257959; 0.000000; 0.000000; 0.000000; 100.029138; 1.792956;-216.086816; 0.000000; 0.000000; 0.000000;-83.005310;-180.823450; 148.333057;-0.033463; 0.062481; 3.310488;-112.164368;-159.306250; 78.844952; 0.000000; 0.000000; 0.000000;-93.894720;-152.119873; 1.835863; 0.000000; 0.000000; 0.000000;-77.628418;-181.391724; 96.059784; 0.000000; 0.000000; 0.000000;-77.954333;-182.551758; 108.350940; 0.000000; 0.000000; 0.000000;-76.242096;-182.250000; 117.455212; 0.000000; 0.000000; 0.000000;-72.803979;-180.904053; 128.352441; 0.000000; 0.000000; 0.000000;-74.094238;-181.702954; 144.693616; 0.000000; 0.000000; 0.000000; 0.000000; 0.000000; 0.000000; 0.000000; 0.000000; 0.000000; 0.000000; 0.000000; 0.000000; 0.000000; 0.000000; 0.000000;-80.764709;-187.803186; 181.312695; 0.000000; 0.000000; 0.000000;-13.090462;-4.760863;-0.723617; 6.556999;-9.511383; 32.113060; 2.110513; 0.730980;-0.190169;-0.968531;-0.160573; 0.955980;-0.145454;-0.254844; 0.209471; 0.946477; 0.245568; 0.995958; 16.929749;
9;0;;-81.407117;-184.849976; 97.329834;-65.768323;-205.709888; 83.589594;-6.105730; 4.932229;-1.327588;-66.578894;-202.237695; 111.683899; 0.000000; 173.777039; 0.000000;-71.264069;-198.101440; 145.355945; 161.802368; 111.322807; 171.174484;-111.395667;-168.913281; 88.633704; 21.259159;-9.928683;-14.340526;-102.433911;-166.561987; 115.394897; 0.000000; 164.073364; 0.000000;-88.378070;-172.482080; 146.058423; 96.595840;-30.607571; 145.584381;-92.526917;-214.152563; 3.581584; 2.148786;-8.465989;-0.478470;-80.241608;-211.059766; 8.725714; 2.148786;-8.465989;-0.478470;-87.638226;-205.235864; 46.459421; 22.411701;-0.697773;-12.297972;-77.233783;-191.785217; 85.011731; 13.559123;-12.675180;-2.857276;-86.536877;-153.474060; 4.299976; 7.565917; 11.933469; 0.717010;-74.104828;-155.942944; 9.428815; 7.565917;-11.933469;-0.717010;-85.210602;-164.799414; 45.632202; 10.144116; 0.405634;-14.530518;-85.161023;-174.279956; 86.687891;-10.228265;-4.077755;-19.633982;-78.995892;-190.520520; 148.289258;-0.185976;-0.356676; 0.584073;-66.591205;-207.825122; 73.506628; 0.000000; 0.000000; 0.000000; 99.996289; 1.639896;-216.043237; 0.000000; 0.000000; 0.000000;-83.067902;-182.073108; 148.439636;-0.185976; 0.356676; 0.584073;-113.249536;-165.847095; 78.939410; 0.000000; 0.000000; 0.000000;-93.983392;-152.010828; 1.945255; 0.000000; 0.000000; 0.000000;-77.806494;-182.481018; 96.126440; 0.000000; 0.000000; 0.000000;-78.153607;-183.638599; 108.417249; 0.000000; 0.000000; 0.000000;-76.432007;-183.358289; 117.520447; 0.000000; 0.000000; 0.000000;-72.959851;-182.050525; 128.411523; 0.000000; 0.000000; 0.000000;-74.172992;-182.926270; 144.754663; 0.000000; 0.000000; 0.000000; 0.000000; 0.000000; 0.000000; 0.000000; 0.000000; 0.000000; 0.000000; 0.000000; 0.000000; 0.000000; 0.000000; 0.000000;-80.665320;-189.177979; 181.380933; 0.000000; 0.000000; 0.000000;-12.487245;-5.500642;-0.820438; 6.405942;-9.473877; 32.653725; 2.100506; 0.730551;-0.190192;-0.970258;-0.149752; 0.956005;-0.148336;-0.253082; 0.208286; 0.950753; 0.229534; 0.996463; 16.676239;
10;0;;-81.772260;-185.925330; 97.460461;-65.024817;-203.741296; 83.689502;-6.466799; 4.286443;-1.335834;-66.504004;-202.043665; 111.919507; 0.000000; 173.832794; 0.000000;-71.945117;-199.723889; 145.651978; 155.410385; 109.925377; 176.262192;-111.678076;-173.517944; 89.497864; 20.936098;-8.380693;-14.215316;-102.914746;-167.945496; 115.844690; 0.000000; 158.237015; 0.000000;-88.164679;-173.367908; 146.273279; 94.542328;-31.264622; 146.385040;-92.618359;-213.879053; 3.373721; 3.400138;-7.876175;-0.473597;-80.227863;-211.038550; 8.409927; 3.400138;-7.876175;-0.473597;-87.881299;-205.770068; 46.174036; 21.957401;-0.737708;-12.548209;-77.945667;-193.263940; 85.165479; 11.890332;-11.869072;-2.314534;-86.604407;-153.416724; 4.641992; 7.060135; 11.976715; 0.591933;-74.318365;-156.333459; 9.886237; 7.060135;-11.976715;-0.591933;-85.820044;-165.375989; 45.919614; 10.971476;-0.004118;-14.917772;-85.647681;-175.652930; 86.782892;-10.211067;-5.509284;-20.164839;-79.182135;-191.627625; 148.468335;-0.517582;-1.020953;-2.655758;-65.705664;-205.038745; 73.458630; 0.000000; 0.000000; 0.000000; 100.139929; 1.494306;-215.619775; 0.000000; 0.000000; 0.000000;-83.198615;-183.153442; 148.605078;-0.517582; 1.020953;-2.655758;-113.766589;-171.707153; 79.539111; 0.000000; 0.000000; 0.000000;-93.972565;-151.693994; 2.217374; 0.000000; 0.000000; 0.000000;-78.346436;-183.891431; 96.230206; 0.000000; 0.000000; 0.000000;-78.643158;-184.979272; 108.528699; 0.000000; 0.000000; 0.000000;-76.861847;-184.668591; 117.619409; 0.000000; 0.000000; 0.000000;-73.295404;-183.324890; 128.475598; 0.000000; 0.000000; 0.000000;-74.347351;-184.087451; 144.835571; 0.000000; 0.000000; 0.000000; 0.000000; 0.000000; 0.000000; 0.000000; 0.000000; 0.000000; 0.000000; 0.000000; 0.000000; 0.000000; 0.000000; 0.000000;-80.792236;-190.685962; 181.452563; 0.000000; 0.000000; 0.000000;-11.806422;-5.825242;-0.951005; 7.242428;-9.948959; 33.744446; 2.096863; 0.734831;-0.196795;-0.971040;-0.135470; 0.958501;-0.161476;-0.234950; 0.213189; 0.953139; 0.214653; 0.996570; 17.436676;
11;0;;-82.074579;-187.326318; 97.654352;-64.342487;-202.239709; 84.112183;-6.564310; 2.289644;-1.303126;-66.390576;-202.166785; 112.357593; 0.000000; 173.724960; 0.000000;-72.549030;-201.554944; 146.040894; 146.769104; 109.084412; 181.712250;-110.950842;-177.632568; 90.805103; 19.953564;-7.233001;-14.409591;-102.814832;-168.762231; 116.439563; 0.000000; 150.906342; 0.000000;-87.693286;-174.388806; 146.647949; 92.388641;-31.388599; 145.949341;-92.400891;-213.969116; 3.303229; 4.780142;-6.700717;-0.456424;-79.992352;-211.146289; 8.304843; 4.780142;-6.700717;-0.456424;-88.234302;-206.961548; 46.080743; 22.328535;-0.432647;-11.958890;-78.644025;-195.371045; 85.439856; 10.359512;-10.412237;-1.229984;-86.551190;-153.681702; 4.917780; 6.130212; 13.110444; 0.515681;-74.445007;-157.017725; 10.327737; 6.130212;-13.110444;-0.515681;-86.321906;-166.501172; 46.125281; 11.674911;-0.023363;-15.389179;-86.054163;-177.611340; 86.769409;-10.040721;-7.737310;-20.472118;-79.204211;-192.923352; 148.697961;-0.916289;-1.856852;-6.285620;-64.824573;-202.507031; 73.791632; 0.000000; 0.000000; 0.000000; 99.928589; 1.441420;-215.702246; 0.000000; 0.000000; 0.000000;-83.176111;-184.427795; 148.808887;-0.916289; 1.856852;-6.285620;-113.018823;-177.273621; 80.685211; 0.000000; 0.000000; 0.000000;-93.826099;-151.706519; 2.405678; 0.000000; 0.000000; 0.000000;-78.860797;-185.802002; 96.340277; 0.000000; 0.000000; 0.000000;-79.129352;-186.695935; 108.655029; 0.000000; 0.000000; 0.000000;-77.281842;-186.292493; 117.728870; 0.000000; 0.000000; 0.000000;-73.588745;-184.857666; 128.530908; 0.000000; 0.000000; 0.000000;-74.389386;-185.445874; 144.912292; 0.000000; 0.000000; 0.000000; 0.000000; 0.000000; 0.000000; 0.000000; 0.000000; 0.000000; 0.000000; 0.000000; 0.000000; 0.000000; 0.000000; 0.000000;-81.025110;-192.077002; 181.571790; 0.000000; 0.000000; 0.000000;-10.550477;-6.658114;-0.460127; 7.637176;-9.144455; 34.479214; 2.099876; 0.743908;-0.211928;-0.971343;-0.107604; 0.955175;-0.182585;-0.233033; 0.228911; 0.954669; 0.190282; 0.996299; 18.151367;
12;0;;-82.378772;-188.736499; 97.944873;-64.104053;-201.481299; 84.623785;-5.946946;-0.880174;-1.119633;-66.580029;-202.609473; 112.812427; 0.000000; 173.740967; 0.000000;-73.220264;-203.310571; 146.402332; 139.935913; 109.025124; 186.267029;-110.912183;-182.019556; 93.078607; 18.270224;-6.498483;-14.750258;-103.209314;-169.518604; 117.294202; 0.000000; 142.376053; 0.000000;-87.336548;-175.486841; 147.048218; 89.466476;-32.007950; 144.958054;-92.234930;-213.884790; 3.305756; 5.745610;-5.274834;-0.420305;-79.853546;-210.935962; 8.301950; 5.745610;-5.274834;-0.420305;-88.510535;-207.971777; 46.100497; 22.637930;-0.290511;-11.184242;-79.152032;-197.433435; 85.809625; 9.097322;-8.479628;-0.202184;-86.576904;-153.906079; 5.230003; 4.676400; 14.105674; 0.849363;-74.696204;-157.712927; 10.825815; 4.676400;-14.105674;-0.849363;-86.765930;-167.762109; 46.403839; 11.985863; 0.189277;-16.054256;-86.441547;-179.604089; 86.840393;-9.860870;-9.806586;-20.879507;-79.300909;-194.244177; 148.987292;-1.026029;-2.122536;-9.618690;-64.211829;-200.691284; 74.319330; 0.000000; 0.000000; 0.000000; 99.744293; 1.443984;-215.695752; 0.000000; 0.000000; 0.000000;-83.233051;-185.729858; 149.072498;-1.026029; 2.122536;-9.618690;-112.986316;-183.413538; 83.050031; 0.000000; 0.000000; 0.000000;-93.734119;-151.648596; 2.619573; 0.000000; 0.000000; 0.000000;-79.296912;-187.678711; 96.545416; 0.000000; 0.000000; 0.000000;-79.552283;-188.386951; 108.872522; 0.000000; 0.000000; 0.000000;-77.662177;-187.886975; 117.932776; 0.000000; 0.000000; 0.000000;-73.877673;-186.370923; 128.692004; 0.000000; 0.000000; 0.000000;-74.495630;-186.820361; 145.085693; 0.000000; 0.000000; 0.000000; 0.000000; 0.000000; 0.000000; 0.000000; 0.000000; 0.000000; 0.000000; 0.000000; 0.000000; 0.000000; 0.000000; 0.000000;-81.044073;-193.728662; 181.750830; 0.000000; 0.000000; 0.000000;-9.049066;-7.579398;-0.155766; 7.749347;-8.225075; 35.911789; 2.086556; 0.751863;-0.222600;-0.971926;-0.076219; 0.950203;-0.198805;-0.239981; 0.240213; 0.957837; 0.157629; 0.996432; 18.529465;
13;0;;-82.713226;-189.967944; 98.226483;-63.874719;-200.472424; 84.971350;-5.381448;-5.104717;-1.051376;-66.638794;-202.964355; 113.045410; 0.000000; 173.136551; 0.000000;-73.878210;-204.817627; 146.467285; 133.004684; 108.480690; 190.470825;-110.483606;-185.136487; 95.802924; 15.906754;-6.401946;-15.324682;-103.163159;-169.427100; 118.200000; 0.000000; 133.317932; 0.000000;-86.690692;-176.388965; 147.407117; 86.619522;-32.587570; 143.471619;-92.168475;-213.865332; 3.198721; 6.788747;-5.335098;-0.355906;-79.698395;-211.185156; 8.125177; 6.788747;-5.335098;-0.355906;-88.730725;-208.341284; 45.845059; 21.848158;-1.229619;-11.088835;-80.018231;-199.103442; 86.022260; 6.699126;-7.711675; 0.031316;-86.755353;-154.367493; 5.576804; 3.505084; 10.450477; 0.474272;-75.226172;-158.840149; 11.410297; 3.505084;-10.450477;-0.474272;-87.652960;-168.569336; 46.954324; 13.230453;-0.890391;-16.422089;-87.044098;-181.174792; 87.156122;-9.919927;-10.832327;-21.235023;-79.303516;-195.418811; 149.310522;-0.171920;-0.360208;-12.128878;-63.542462;-198.429590; 74.845441; 0.000000; 0.000000; 0.000000; 99.725146; 1.382300;-215.518701; 0.000000; 0.000000; 0.000000;-83.102692;-186.843921; 149.324390;-0.171920; 0.360208;-12.128878;-112.431018;-188.280225; 86.151904; 0.000000; 0.000000; 0.000000;-93.724261;-151.751965; 2.796587; 0.000000; 0.000000; 0.000000;-79.882587;-189.352661; 96.761743; 0.000000; 0.000000; 0.000000;-79.993158;-190.034021; 109.092517; 0.000000; 0.000000; 0.000000;-77.990594;-189.505371; 118.126941; 0.000000; 0.000000; 0.000000;-74.055969;-187.931604; 128.823853; 0.000000; 0.000000; 0.000000;-74.442029;-188.129199; 145.229602; 0.000000; 0.000000; 0.000000; 0.000000; 0.000000; 0.000000; 0.000000; 0.000000; 0.000000; 0.000000; 0.000000; 0.000000; 0.000000; 0.000000; 0.000000;-81.361676;-195.292065; 181.862207; 0.000000; 0.000000; 0.000000;-8.954272;-7.254175;-1.268258; 9.311732;-8.641724; 37.749611; 2.063402; 0.756141;-0.232251;-0.969903;-0.073125; 0.951929;-0.211221;-0.221848; 0.244375; 0.960342; 0.134251; 0.998013; 19.571899;
14;0;;-82.876849;-191.219788; 98.641199;-64.594659;-200.122510; 85.132019;-5.303811;-9.524774;-1.165055;-66.695129;-203.534546; 113.166809; 0.000000; 171.354797; 0.000000;-74.143585;-206.169214; 146.490149; 131.997528; 108.850296; 192.701981;-109.562390;-187.971887; 98.709753; 13.443722;-6.277539;-15.934635;-103.029004;-169.535010; 119.189001; 0.000000; 124.629478; 0.000000;-86.278821;-177.542993; 147.966931; 84.389847;-32.641338; 141.175507;-91.935339;-213.744263; 3.189426; 6.995522;-4.903399;-0.241760;-79.464673;-211.095947; 8.131604; 6.995522;-4.903399;-0.241760;-88.560132;-208.846289; 45.876425; 21.003504;-1.585410;-10.865855;-80.402637;-200.715906; 86.407953; 4.934578;-6.660129; 0.262120;-86.793579;-154.906604; 5.930162; 1.637656; 6.917068; 0.346870;-75.683624;-159.965015; 12.089520; 1.637656;-6.917068;-0.346870;-88.371930;-169.734021; 47.530084; 14.142410;-1.195096;-16.878803;-87.471429;-182.806396; 87.576996;-9.844936;-11.586895;-21.870735;-79.256061;-196.723340; 149.729614; 0.961530; 2.024442;-13.136713;-64.232605;-197.013525; 75.282104; 0.000000; 0.000000; 0.000000; 99.492444; 1.364935;-215.386719; 0.000000; 0.000000; 0.000000;-83.042957;-188.143042; 149.705896; 0.961530;-2.024442;-13.136713;-111.244836;-192.675623; 89.662000; 0.000000; 0.000000; 0.000000;-93.546216;-151.978174; 2.936420; 0.000000; 0.000000; 0.000000;-80.209711;-190.952026; 97.134662; 0.000000; 0.000000; 0.000000;-80.225110;-191.605981; 109.467407; 0.000000; 0.000000; 0.000000;-78.161121;-191.037524; 118.485583; 0.000000; 0.000000; 0.000000;-74.153906;-189.402563; 129.146301; 0.000000; 0.000000; 0.000000;-74.415491;-189.472656; 145.555554; 0.000000; 0.000000; 0.000000; 0.000000; 0.000000; 0.000000; 0.000000; 0.000000; 0.000000; 0.000000; 0.000000; 0.000000; 0.000000; 0.000000; 0.000000;-81.548724;-196.524426; 182.215417; 0.000000; 0.000000; 0.000000;-8.189137;-7.122573;-1.759252; 10.199466;-8.898415; 39.972885; 2.029480; 0.761286;-0.233874;-0.970545;-0.057846; 0.951050;-0.216004;-0.221012; 0.243908; 0.963810; 0.107606; 0.998689; 20.435120;
15;0;;-83.192297;-192.789771; 99.101917;-65.049860;-201.163794; 85.548401;-5.366542;-13.209482;-1.358579;-66.495508;-204.657568; 113.614514; 0.000000; 169.754135; 0.000000;-74.151892;-207.454102; 146.877490; 133.696457; 109.004860; 193.091629;-108.688525;-190.344983; 101.427051; 10.812791;-6.348224;-16.473921;-102.995740;-169.769446; 120.034644; 0.000000; 116.840492; 0.000000;-86.179309;-178.842224; 148.455725; 82.053635;-32.373951; 138.095703;-91.765521;-213.681421; 3.339003; 6.942540;-1.908721; 0.165686;-79.382758;-210.766528; 8.351675; 6.942540;-1.908721; 0.165686;-88.401013;-209.884180; 46.171677; 20.192577;-1.423459;-10.243963;-80.750000;-203.112231; 87.050220; 3.067377;-3.749844; 0.941224;-87.134033;-155.779907; 5.978116;-2.041882; 9.307924; 0.933692;-76.540747;-161.249036; 12.673419;-2.041882;-9.307924;-0.933692;-89.289874;-171.796497; 47.868176; 14.431959;-0.279089;-17.870283;-88.040662;-185.268225; 87.773120;-9.256071;-13.810078;-22.762777;-79.323114;-198.067273; 150.194409; 1.266841; 2.666113;-13.001624;-64.803070;-197.436963; 75.911627; 0.000000; 0.000000; 0.000000; 99.278809; 1.463920;-215.462134; 0.000000; 0.000000; 0.000000;-83.207153;-189.530786; 150.122119; 1.266841;-2.666113;-13.001624;-110.007129;-196.364197; 93.129590; 0.000000; 0.000000; 0.000000;-93.616510;-152.580505; 2.679985; 0.000000; 0.000000; 0.000000;-80.682007;-193.082996; 97.530804; 0.000000; 0.000000; 0.000000;-80.678503;-193.467419; 109.874890; 0.000000; 0.000000; 0.000000;-78.586792;-192.720862; 118.873669; 0.000000; 0.000000; 0.000000;-74.521503;-190.905823; 129.483142; 0.000000; 0.000000; 0.000000;-74.609369;-190.806824; 145.894092; 0.000000; 0.000000; 0.000000; 0.000000; 0.000000; 0.000000; 0.000000; 0.000000; 0.000000; 0.000000; 0.000000; 0.000000; 0.000000; 0.000000; 0.000000;-81.848175;-197.565393; 182.643079; 0.000000; 0.000000; 0.000000;-6.378366;-7.992937;-1.658474; 9.977899;-8.347916; 41.552433; 1.977024; 0.765981;-0.231889;-0.972478;-0.022688; 0.946821;-0.220300;-0.234517; 0.242002; 0.967903; 0.067812; 0.998920; 20.925415;
16;0;;-83.531281;-194.090710; 99.672681;-65.381561;-201.984570; 86.245654;-5.240423;-16.976435;-1.526210;-66.181702;-205.678418; 114.311963; 0.000000; 168.134659; 0.000000;-73.970654;-208.385400; 147.551550; 135.384766; 108.941208; 193.147369;-107.487195;-192.465784; 104.172778; 8.191490;-6.703891;-16.935171;-102.629077;-170.004968; 120.723108; 0.000000; 109.806129; 0.000000;-85.896637;-179.795593; 148.954907; 79.965202;-32.161694; 135.899796;-91.618610;-213.683423; 3.289813; 6.192683;-3.783024; 0.244205;-79.219568;-210.791016; 8.275198; 6.192683;-3.783024; 0.244205;-87.709424;-209.821973; 46.215198; 17.290468;-2.618422;-10.310792;-81.258344;-204.421216; 87.502826; 0.072223;-3.333074; 0.220728;-86.927185;-157.661279; 4.913787;-11.702161;-2.579455; 0.145642;-78.079736;-163.513452; 13.541132;-11.702161; 2.579455;-0.145642;-91.499768;-174.175769; 48.450702; 16.869963; 0.336652;-16.909271;-89.091492;-186.826160; 88.570776;-9.336736;-12.031602;-22.489071;-79.272510;-199.058276; 150.830420; 1.388333; 2.914181;-12.413221;-65.252563;-197.603284; 76.885889; 0.000000; 0.000000; 0.000000; 99.133051; 1.441040;-215.486621; 0.000000; 0.000000; 0.000000;-83.236328;-190.559949; 150.659985; 1.388333;-2.914181;-12.413221;-108.369019;-199.647046; 96.792438; 0.000000; 0.000000; 0.000000;-92.505292;-154.319788; 0.347015; 0.000000; 0.000000; 0.000000;-81.308618;-194.513135; 98.098108; 0.000000; 0.000000; 0.000000;-81.087170;-194.977148; 110.437476; 0.000000; 0.000000; 0.000000;-78.898322;-194.164526; 119.407385; 0.000000; 0.000000; 0.000000;-74.750549;-192.192456; 129.956726; 0.000000; 0.000000; 0.000000;-74.670892;-191.826270; 146.363928; 0.000000; 0.000000; 0.000000; 0.000000; 0.000000; 0.000000; 0.000000; 0.000000; 0.000000; 0.000000; 0.000000; 0.000000; 0.000000; 0.000000; 0.000000;-82.362628;-198.482959; 183.118115; 0.000000; 0.000000; 0.000000;-6.523026;-6.993949;-3.320422; 10.358469;-10.110954; 40.856899; 1.861987; 0.754815;-0.218302;-0.975563;-0.024917; 0.947223;-0.205680;-0.245895; 0.221460; 0.974428; 0.038030; 0.999908; 23.468262;
17;0;;-83.835889;-194.967358; 99.918121;-65.747650;-202.555579; 86.686816;-5.270233;-20.634115;-1.817447;-66.223572;-206.528516; 114.722363; 0.000000; 166.647202; 0.000000;-74.456403;-209.289014; 147.850378; 134.579605; 107.850800; 193.124481;-106.713379;-193.632080; 106.068774; 5.744046;-7.264185;-17.339916;-102.425256;-169.957410; 121.006128; 0.000000; 104.219894; 0.000000;-86.034412;-180.606055; 149.127515; 78.433792;-31.135363; 134.606628;-91.544507;-213.601294; 3.241987; 5.796582;-3.403643; 0.162068;-79.111639;-210.809790; 8.200571; 5.796582;-3.403643; 0.162068;-87.207147;-209.890796; 46.227908; 14.992009;-2.822774;-9.815720;-81.706885;-205.610669; 87.783655;-1.853677;-2.256053;-0.421061;-87.791357;-158.692664; 4.949271;-12.539917;-3.484327; 0.111040;-79.000696;-164.659338; 13.556201;-12.539917; 3.484327;-0.111040;-91.928247;-175.220264; 48.681766; 16.175909; 0.248466;-16.607454;-89.495715;-187.990747; 88.762311;-8.950413;-12.580023;-23.122288;-79.748285;-199.945056; 151.097241; 1.417328; 2.972596;-12.233460;-65.622302;-197.518030; 77.663239; 0.000000; 0.000000; 0.000000; 99.077631; 1.409295;-215.341870; 0.000000; 0.000000; 0.000000;-83.682275;-191.433862; 150.882996; 1.417328;-2.972596;-12.233460;-107.201770;-201.617065; 99.525153; 0.000000; 0.000000; 0.000000;-93.338428;-155.286560; 0.392434; 0.000000; 0.000000; 0.000000;-81.750885;-195.657617; 98.336737; 0.000000; 0.000000; 0.000000;-81.553729;-196.069788; 110.678357; 0.000000; 0.000000; 0.000000;-79.369641;-195.220935; 119.646069; 0.000000; 0.000000; 0.000000;-75.213525;-193.208008; 130.184412; 0.000000; 0.000000; 0.000000;-75.123682;-192.753516; 146.589355; 0.000000; 0.000000; 0.000000; 0.000000; 0.000000; 0.000000; 0.000000; 0.000000; 0.000000; 0.000000; 0.000000; 0.000000; 0.000000; 0.000000; 0.000000;-82.692572;-199.229114; 183.393591; 0.000000; 0.000000; 0.000000;-6.173967;-7.192275;-3.843896; 10.341932;-10.422325; 41.227829; 1.818420; 0.754976;-0.208162;-0.977809;-0.023630; 0.951701;-0.196911;-0.235567; 0.207848; 0.977908; 0.022276; 0.999999; 22.743423;

Camera Calibration;Origin;;;Forward;;;Right;;;Up
;X;Y;Z;X;Y;Z;X;Y;Z;X;Y;Z
Camera 1; 2916.362305; 2647.397949;-231.109619;-0.713797;-0.681582; 0.161058; 0.288085;-0.076135; 0.954573; 0.638358;-0.727770;-0.250698;
Camera 2; 2785.196533; 2686.865967; 2375.379395;-0.768762;-0.577578;-0.274607;-0.495902; 0.267216; 0.826243; 0.403840;-0.771362; 0.491847;
Camera 3; 2915.340820; 1460.993164; 2274.524902;-0.940830;-0.011181;-0.338694;-0.328044;-0.220655; 0.918531; 0.085004;-0.975288;-0.203931;
Camera 4; 185.725800; 2618.209717; 2393.055664;-0.110083;-0.704267;-0.701349;-0.985622;-0.013655; 0.168414; 0.128185;-0.709804; 0.692638;
Camera 5;-2576.269531; 2602.335938; 2424.141602; 0.776994;-0.553923;-0.299082;-0.414003;-0.091739;-0.905641;-0.474218;-0.827498; 0.300606;
Camera 6;-2661.302002; 2558.515625;-70.837402; 0.748797;-0.656888; 0.088330; 0.046912;-0.080407;-0.995658;-0.661137;-0.749689; 0.029392;
Camera 7;-2680.441406; 2574.340820;-2684.370361; 0.557657;-0.613104; 0.559574; 0.742323; 0.066685;-0.666716;-0.371451;-0.787183;-0.492308;
Camera 8;-2626.686768; 1314.936157;-2957.167969; 0.746311;-0.255790; 0.614484; 0.655881; 0.125450;-0.744367;-0.113315;-0.958558;-0.261392;
Camera 9; 233.175568; 2573.326172;-3091.212646;-0.032039;-0.588328; 0.807987; 0.994974; 0.057957; 0.081655; 0.094869;-0.806543;-0.583514;
Camera 10; 2365.513428; 2614.013428;-3085.273926;-0.478052;-0.538828; 0.693636; 0.871463;-0.192409; 0.451144; 0.109627;-0.820148;-0.561550;
Camera 11; 2696.158936; 1384.220459;-3133.145264;-0.596658;-0.209911; 0.774555; 0.800193;-0.228679; 0.554434;-0.060743;-0.950601;-0.304413;
