Chart Title,Custom
Seconds,
0,
0.0204082,
0.0408163,
0.0612245,
0.0816327,
0.102041,
0.122449,
0.142857,
0.163265,
0.183673,
0.204082,
0.22449,
0.244898,
0.265306,
0.285714,
0.306122,
0.326531,
0.346939,
0.367347,
0.387755,
0.408163,
0.428571,
0.44898,
0.469388,
0.489796,
0.510204,
0.530612,
0.55102,
0.571429,
0.591837,
0.612245,
0.632653,
0.653061,
0.673469,
0.693878,
0.714286,
0.734694,
0.755102,
0.77551,
0.795918,
0.816327,
0.836735,
0.857143,
0.877551,
0.897959,
0.918367,
0.938776,
0.959184,
0.979592,
1,
1.02041,
1.04082,
1.06122,
1.08163,
1.10204,
1.12245,
1.14286,
1.16327,
1.18367,
1.20408,
1.22449,
1.2449,
1.26531,
1.28571,
1.30612,
1.32653,
1.34694,
1.36735,
1.38776,
1.40816,
1.42857,
1.44898,
1.46939,
1.4898,
1.5102,
1.53061,
1.55102,
1.57143,
1.59184,
1.61224,
1.63265,
1.65306,
1.67347,
1.69388,
1.71429,
1.73469,
1.7551,
1.77551,
1.79592,
1.81633,
1.83673,
1.85714,
1.87755,
1.89796,
1.91837,
1.93878,
1.95918,
1.97959,
2,
2.02041,
2.04082,
2.06122,
2.08163,
2.10204,
2.12245,
2.14286,
2.16327,
2.18367,
2.20408,
2.22449,
2.2449,
2.26531,
2.28571,
2.30612,
2.32653,
2.34694,
2.36735,
2.38776,
2.40816,
2.42857,
2.44898,
2.46939,
2.4898,
2.5102,
2.53061,
2.55102,
2.57143,
2.59184,
2.61224,
2.63265,
2.65306,
2.67347,
2.69388,
2.71429,
2.73469,
2.7551,
2.77551,
2.79592,
2.81633,
2.83673,
2.85714,
2.87755,
2.89796,
2.91837,
2.93878,
2.95918,
2.97959,
3,
3.02041,
3.04082,
3.06122,
3.08163,
3.10204,
3.12245,
3.14286,
3.16327,
3.18367,
3.20408,
3.22449,
3.2449,
3.26531,
3.28571,
3.30612,
3.32653,
3.34694,
3.36735,
3.38776,
3.40816,
3.42857,
3.44898,
3.46939,
3.4898,
3.5102,
3.53061,
3.55102,
3.57143,
3.59184,
3.61224,
3.63265,
3.65306,
3.67347,
3.69388,
3.71429,
3.73469,
3.7551,
3.77551,
3.79592,
3.81633,
3.83673,
3.85714,
3.87755,
3.89796,
3.91837,
3.93878,
3.95918,
3.97959,
4,
4.02041,
4.04082,
4.06122,
4.08163,
4.10204,
4.12245,
4.14286,
4.16327,
4.18367,
4.20408,
4.22449,
4.2449,
4.26531,
4.28571,
4.30612,
4.32653,
4.34694,
4.36735,
4.38776,
4.40816,
4.42857,
4.44898,
4.46939,
4.4898,
4.5102,
4.53061,
4.55102,
4.57143,
4.59184,
4.61224,
4.63265,
4.65306,
4.67347,
4.69388,
4.71429,
4.73469,
4.7551,
4.77551,
4.79592,
4.81633,
4.83673,
4.85714,
4.87755,
4.89796,
4.91837,
4.93878,
4.95918,
4.97959,
5,
5.02041,
5.04082,
5.06122,
5.08163,
5.10204,
5.12245,
5.14286,
5.16327,
5.18367,
5.20408,
5.22449,
5.2449,
5.26531,
5.28571,
5.30612,
5.32653,
5.34694,
5.36735,
5.38776,
5.40816,
5.42857,
5.44898,
5.46939,
5.4898,
5.5102,
5.53061,
5.55102,
5.57143,
5.59184,
5.61224,
5.63265,
5.65306,
5.67347,
5.69388,
5.71429,
5.73469,
5.7551,
5.77551,
5.79592,
5.81633,
5.83673,
5.85714,
5.87755,
5.89796,
5.91837,
5.93878,
5.95918,
5.97959,
6,
6.02041,
6.04082,
6.06122,
6.08163,
6.10204,
6.12245,
6.14286,
6.16327,
6.18367,
6.20408,
6.22449,
6.2449,
6.26531,
6.28571,
6.30612,
6.32653,
6.34694,
6.36735,
6.38776,
6.40816,
6.42857,
6.44898,
6.46939,
6.4898,
6.5102,
6.53061,
6.55102,
6.57143,
6.59184,
6.61224,
6.63265,
6.65306,
6.67347,
6.69388,
6.71429,
6.73469,
6.7551,
6.77551,
6.79592,
6.81633,
6.83673,
6.85714,
6.87755,
6.89796,
6.91837,
6.93878,
6.95918,
6.97959,
7,
7.02041,
7.04082,
7.06122,
7.08163,
7.10204,
7.12245,
7.14286,
7.16327,
7.18367,
7.20408,
7.22449,
7.2449,
7.26531,
7.28571,
7.30612,
7.32653,
7.34694,
7.36735,
7.38776,
7.40816,
7.42857,
7.44898,
7.46939,
7.4898,
7.5102,
7.53061,
7.55102,
7.57143,
7.59184,
7.61224,
7.63265,
7.65306,
7.67347,
7.69388,
7.71429,
7.73469,
7.7551,
7.77551,
7.79592,
7.81633,
7.83673,
7.85714,
7.87755,
7.89796,
7.91837,
7.93878,
7.95918,
7.97959,
8,
8.02041,
8.04082,
8.06122,
8.08163,
8.10204,
8.12245,
8.14286,
8.16327,
8.18367,
8.20408,
8.22449,
8.2449,
8.26531,
8.28571,
8.30612,
8.32653,
8.34694,
8.36735,
8.38776,
8.40816,
8.42857,
8.44898,
8.46939,
8.4898,
8.5102,
8.53061,
8.55102,
8.57143,
8.59184,
8.61224,
8.63265,
8.65306,
8.67347,
8.69388,
8.71429,
8.73469,
8.7551,
8.77551,
8.79592,
8.81633,
8.83673,
8.85714,
8.87755,
8.89796,
8.91837,
8.93878,
8.95918,
8.97959,
9,
9.02041,
9.04082,
9.06122,
9.08163,
9.10204,
9.12245,
9.14286,
9.16327,
9.18367,
9.20408,
9.22449,
9.2449,
9.26531,
9.28571,
9.30612,
9.32653,
9.34694,
9.36735,
9.38776,
9.40816,
9.42857,
9.44898,
9.46939,
9.4898,
9.5102,
9.53061,
9.55102,
9.57143,
9.59184,
9.61224,
9.63265,
9.65306,
9.67347,
9.69388,
9.71429,
9.73469,
9.7551,
9.77551,
9.79592,
9.81633,
9.83673,
9.85714,
9.87755,
9.89796,
9.91837,
9.93878,
9.95918,
9.97959,
10,
10.0204,
10.0408,
10.0612,
10.0816,
10.102,
10.1224,
10.1429,
10.1633,
10.1837,
10.2041,
10.2245,
10.2449,
10.2653,
10.2857,
10.3061,
10.3265,
10.3469,
10.3673,
10.3878,
10.4082,
10.4286,
10.449,
10.4694,
10.4898,
10.5102,
10.5306,
10.551,
10.5714,
10.5918,
10.6122,
10.6327,
10.6531,
10.6735,
10.6939,
10.7143,
10.7347,
10.7551,
10.7755,
10.7959,
10.8163,
10.8367,
10.8571,
10.8776,
10.898,
10.9184,
10.9388,
10.9592,
10.9796,
11,
11.0204,
11.0408,
11.0612,
11.0816,
11.102,
11.1224,
11.1429,
11.1633,
11.1837,
11.2041,
11.2245,
11.2449,
11.2653,
11.2857,
11.3061,
11.3265,
11.3469,
11.3673,
11.3878,
11.4082,
11.4286,
11.449,
11.4694,
11.4898,
11.5102,
11.5306,
11.551,
11.5714,
11.5918,
11.6122,
11.6327,
11.6531,
11.6735,
11.6939,
11.7143,
11.7347,
11.7551,
11.7755,
11.7959,
11.8163,
11.8367,
11.8571,
11.8776,
11.898,
11.9184,
11.9388,
11.9592,
11.9796,
12,
12.0204,
12.0408,
12.0612,
12.0816,
12.102,
12.1224,
12.1429,
12.1633,
12.1837,
12.2041,
12.2245,
12.2449,
12.2653,
12.2857,
12.3061,
12.3265,
12.3469,
12.3673,
12.3878,
12.4082,
12.4286,
12.449,
12.4694,
12.4898,
12.5102,
12.5306,
12.551,
12.5714,
12.5918,
12.6122,
12.6327,
12.6531,
12.6735,
12.6939,
12.7143,
12.7347,
12.7551,
12.7755,
12.7959,
12.8163,
12.8367,
12.8571,
12.8776,
12.898,
12.9184,
12.9388,
12.9592,
12.9796,
13,
13.0204,
13.0408,
13.0612,
13.0816,
13.102,
13.1224,
13.1429,
13.1633,
13.1837,
13.2041,
13.2245,
13.2449,
13.2653,
13.2857,
13.3061,
13.3265,
13.3469,
13.3673,
13.3878,
13.4082,
13.4286,
13.449,
13.4694,
13.4898,
13.5102,
13.5306,
13.551,
13.5714,
13.5918,
13.6122,
13.6327,
13.6531,
13.6735,
13.6939,
13.7143,
13.7347,
13.7551,
13.7755,
13.7959,
13.8163,
13.8367,
13.8571,
13.8776,
13.898,
13.9184,
13.9388,
13.9592,
13.9796,
14,
14.0204,
14.0408,
14.0612,
14.0816,
14.102,
14.1224,
14.1429,
14.1633,
14.1837,
14.2041,
14.2245,
14.2449,
14.2653,
14.2857,
14.3061,
14.3265,
14.3469,
14.3673,
14.3878,
14.4082,
14.4286,
14.449,
14.4694,
14.4898,
14.5102,
14.5306,
14.551,
14.5714,
14.5918,
14.6122,
14.6327,
14.6531,
14.6735,
14.6939,
14.7143,
14.7347,
14.7551,
14.7755,
14.7959,
14.8163,
14.8367,
14.8571,
14.8776,
14.898,
14.9184,
14.9388,
14.9592,
14.9796,
15,
15.0204,
15.0408,
15.0612,
15.0816,
15.102,
15.1224,
15.1429,
15.1633,
15.1837,
15.2041,
15.2245,
15.2449,
15.2653,
15.2857,
15.3061,
15.3265,
15.3469,
15.3673,
15.3878,
15.4082,
15.4286,
15.449,
15.4694,
15.4898,
15.5102,
15.5306,
15.551,
15.5714,
15.5918,
15.6122,
15.6327,
15.6531,
15.6735,
15.6939,
15.7143,
15.7347,
15.7551,
15.7755,
15.7959,
15.8163,
15.8367,
15.8571,
15.8776,
15.898,
15.9184,
15.9388,
15.9592,
15.9796,
16,
16.0204,
16.0408,
16.0612,
16.0816,
16.102,
16.1224,
16.1429,
16.1633,
16.1837,
16.2041,
16.2245,
16.2449,
16.2653,
16.2857,
16.3061,
16.3265,
16.3469,
16.3673,
16.3878,
16.4082,
16.4286,
16.449,
16.4694,
16.4898,
16.5102,
16.5306,
16.551,
16.5714,
16.5918,
16.6122,
16.6327,
16.6531,
16.6735,
16.6939,
16.7143,
16.7347,
16.7551,
16.7755,
16.7959,
16.8163,
16.8367,
16.8571,
16.8776,
16.898,
16.9184,
16.9388,
16.9592,
16.9796,
17,
17.0204,
17.0408,
17.0612,
17.0816,
17.102,
17.1224,
17.1429,
17.1633,
17.1837,
17.2041,
17.2245,
17.2449,
17.2653,
17.2857,
17.3061,
17.3265,
17.3469,
17.3673,
17.3878,
17.4082,
17.4286,
17.449,
17.4694,
17.4898,
17.5102,
17.5306,
17.551,
17.5714,
17.5918,
17.6122,
17.6327,
17.6531,
17.6735,
17.6939,
17.7143,
17.7347,
17.7551,
17.7755,
17.7959,
17.8163,
17.8367,
17.8571,
17.8776,
17.898,
17.9184,
17.9388,
17.9592,
17.9796,
18,
18.0204,
18.0408,
18.0612,
18.0816,
18.102,
18.1224,
18.1429,
18.1633,
18.1837,
18.2041,
18.2245,
18.2449,
18.2653,
18.2857,
18.3061,
18.3265,
18.3469,
18.3673,
18.3878,
18.4082,
18.4286,
18.449,
18.4694,
18.4898,
18.5102,
18.5306,
18.551,
18.5714,
18.5918,
18.6122,
18.6327,
18.6531,
18.6735,
18.6939,
18.7143,
18.7347,
18.7551,
18.7755,
18.7959,
18.8163,
18.8367,
18.8571,
18.8776,
18.898,
18.9184,
18.9388,
18.9592,
18.9796,
19,
19.0204,
19.0408,
19.0612,
19.0816,
19.102,
19.1224,
19.1429,
19.1633,
19.1837,
19.2041,
19.2245,
19.2449,
19.2653,
19.2857,
19.3061,
19.3265,
19.3469,
19.3673,
19.3878,
19.4082,
19.4286,
19.449,
19.4694,
19.4898,
19.5102,
19.5306,
19.551,
19.5714,
19.5918,
19.6122,
19.6327,
19.6531,
19.6735,
19.6939,
19.7143,
19.7347,
19.7551,
19.7755,
19.7959,
19.8163,
19.8367,
19.8571,
19.8776,
19.898,
19.9184,
19.9388,
19.9592,
19.9796,
20,
20.0204,
20.0408,
20.0612,
20.0816,
20.102,
20.1224,
20.1429,
20.1633,
20.1837,
20.2041,
20.2245,
20.2449,
20.2653,
20.2857,
20.3061,
20.3265,
20.3469,
20.3673,
20.3878,
20.4082,
20.4286,
20.449,
20.4694,
20.4898,
20.5102,
20.5306,
20.551,
20.5714,
20.5918,
20.6122,
20.6327,
20.6531,
20.6735,
20.6939,
20.7143,
20.7347,
20.7551,
20.7755,
20.7959,
20.8163,
20.8367,
20.8571,
20.8776,
20.898,
20.9184,
20.9388,
20.9592,
20.9796,
21,
21.0204,
21.0408,
21.0612,
21.0816,
21.102,
21.1224,
21.1429,
21.1633,
21.1837,
21.2041,
21.2245,
21.2449,
21.2653,
21.2857,
21.3061,
21.3265,
21.3469,
21.3673,
21.3878,
21.4082,
21.4286,
21.449,
21.4694,
21.4898,
21.5102,
21.5306,
21.551,
21.5714,
21.5918,
21.6122,
21.6327,
21.6531,
21.6735,
21.6939,
21.7143,
21.7347,
21.7551,
21.7755,
21.7959,
21.8163,
21.8367,
21.8571,
21.8776,
21.898,
21.9184,
21.9388,
21.9592,
21.9796,
22,
22.0204,
22.0408,
22.0612,
22.0816,
22.102,
22.1224,
22.1429,
22.1633,
22.1837,
22.2041,
22.2245,
22.2449,
22.2653,
22.2857,
22.3061,
22.3265,
22.3469,
22.3673,
22.3878,
22.4082,
22.4286,
22.449,
22.4694,
22.4898,
22.5102,
22.5306,
22.551,
22.5714,
22.5918,
22.6122,
22.6327,
22.6531,
22.6735,
22.6939,
22.7143,
22.7347,
22.7551,
22.7755,
22.7959,
22.8163,
22.8367,
22.8571,
22.8776,
22.898,
22.9184,
22.9388,
22.9592,
22.9796,
23,
23.0204,
23.0408,
23.0612,
23.0816,
23.102,
23.1224,
23.1429,
23.1633,
23.1837,
23.2041,
23.2245,
23.2449,
23.2653,
23.2857,
23.3061,
23.3265,
23.3469,
23.3673,
23.3878,
23.4082,
23.4286,
23.449,
23.4694,
23.4898,
23.5102,
23.5306,
23.551,
23.5714,
23.5918,
23.6122,
23.6327,
23.6531,
23.6735,
23.6939,
23.7143,
23.7347,
23.7551,
23.7755,
23.7959,
23.8163,
23.8367,
23.8571,
23.8776,
23.898,
23.9184,
23.9388,
23.9592,
23.9796,
24,
24.0204,
24.0408,
24.0612,
24.0816,
24.102,
24.1224,
24.1429,
24.1633,
24.1837,
24.2041,
24.2245,
24.2449,
24.2653,
24.2857,
24.3061,
24.3265,
24.3469,
24.3673,
24.3878,
24.4082,
24.4286,
24.449,
24.4694,
24.4898,
24.5102,
24.5306,
24.551,
24.5714,
24.5918,
24.6122,
24.6327,
24.6531,
24.6735,
24.6939,
24.7143,
24.7347,
24.7551,
24.7755,
24.7959,
24.8163,
24.8367,
24.8571,
24.8776,
24.898,
24.9184,
24.9388,
24.9592,
24.9796,
25,
25.0204,
25.0408,
25.0612,
25.0816,
25.102,
25.1224,
25.1429,
25.1633,
25.1837,
25.2041,
25.2245,
25.2449,
25.2653,
25.2857,
25.3061,
25.3265,
25.3469,
25.3673,
25.3878,
25.4082,
25.4286,
25.449,
25.4694,
25.4898,
25.5102,
25.5306,
25.551,
25.5714,
25.5918,
25.6122,
25.6327,
25.6531,
25.6735,
25.6939,
25.7143,
25.7347,
25.7551,
25.7755,
25.7959,
25.8163,
25.8367,
25.8571,
25.8776,
25.898,
25.9184,
25.9388,
25.9592,
25.9796,
26,
26.0204,
26.0408,
26.0612,
26.0816,
26.102,
26.1224,
26.1429,
26.1633,
26.1837,
26.2041,
26.2245,
26.2449,
26.2653,
26.2857,
26.3061,
26.3265,
26.3469,
26.3673,
26.3878,
26.4082,
26.4286,
26.449,
26.4694,
26.4898,
26.5102,
26.5306,
26.551,
26.5714,
26.5918,
26.6122,
26.6327,
26.6531,
26.6735,
26.6939,
26.7143,
26.7347,
26.7551,
26.7755,
26.7959,
26.8163,
26.8367,
26.8571,
26.8776,
26.898,
26.9184,
26.9388,
26.9592,
26.9796,
27,
27.0204,
27.0408,
27.0612,
27.0816,
27.102,
27.1224,
27.1429,
27.1633,
27.1837,
27.2041,
27.2245,
27.2449,
27.2653,
27.2857,
27.3061,
27.3265,
27.3469,
27.3673,
27.3878,
27.4082,
27.4286,
27.449,
27.4694,
27.4898,
27.5102,
27.5306,
27.551,
27.5714,
27.5918,
27.6122,
27.6327,
27.6531,
27.6735,
27.6939,
27.7143,
27.7347,
27.7551,
27.7755,
27.7959,
27.8163,
27.8367,
27.8571,
27.8776,
27.898,
27.9184,
27.9388,
27.9592,
27.9796,
28,
28.0204,
28.0408,
28.0612,
28.0816,
28.102,
28.1224,
28.1429,
28.1633,
28.1837,
28.2041,
28.2245,
28.2449,
28.2653,
28.2857,
28.3061,
28.3265,
28.3469,
28.3673,
28.3878,
28.4082,
28.4286,
28.449,
28.4694,
28.4898,
28.5102,
28.5306,
28.551,
28.5714,
28.5918,
28.6122,
28.6327,
28.6531,
28.6735,
28.6939,
28.7143,
28.7347,
28.7551,
28.7755,
28.7959,
28.8163,
28.8367,
28.8571,
28.8776,
28.898,
28.9184,
28.9388,
28.9592,
28.9796,
29,
29.0204,
29.0408,
29.0612,
29.0816,
29.102,
29.1224,
29.1429,
29.1633,
29.1837,
29.2041,
29.2245,
29.2449,
29.2653,
29.2857,
29.3061,
29.3265,
29.3469,
29.3673,
29.3878,
29.4082,
29.4286,
29.449,
29.4694,
29.4898,
29.5102,
29.5306,
29.551,
29.5714,
29.5918,
29.6122,
29.6327,
29.6531,
29.6735,
29.6939,
29.7143,
29.7347,
29.7551,
29.7755,
29.7959,
29.8163,
29.8367,
29.8571,
29.8776,
29.898,
29.9184,
29.9388,
29.9592,
29.9796,
30,
30.0204,
30.0408,
30.0612,
30.0816,
30.102,
30.1224,
30.1429,
30.1633,
30.1837,
30.2041,
30.2245,
30.2449,
30.2653,
30.2857,
30.3061,
30.3265,
30.3469,
30.3673,
30.3878,
30.4082,
30.4286,
30.449,
30.4694,
30.4898,
30.5102,
30.5306,
30.551,
30.5714,
30.5918,
30.6122,
30.6327,
30.6531,
30.6735,
30.6939,
30.7143,
30.7347,
30.7551,
30.7755,
30.7959,
30.8163,
30.8367,
30.8571,
30.8776,
30.898,
30.9184,
30.9388,
30.9592,
30.9796,
31,
31.0204,
31.0408,
31.0612,
31.0816,
31.102,
31.1224,
31.1429,
31.1633,
31.1837,
31.2041,
31.2245,
31.2449,
31.2653,
31.2857,
31.3061,
31.3265,
31.3469,
31.3673,
31.3878,
31.4082,
31.4286,
31.449,
31.4694,
31.4898,
31.5102,
31.5306,
31.551,
31.5714,
31.5918,
31.6122,
31.6327,
31.6531,
31.6735,
31.6939,
31.7143,
31.7347,
31.7551,
31.7755,
31.7959,
31.8163,
31.8367,
31.8571,
31.8776,
31.898,
31.9184,
31.9388,
31.9592,
31.9796,
32,
32.0204,
32.0408,
32.0612,
32.0816,
32.102,
32.1224,
32.1429,
32.1633,
32.1837,
32.2041,
32.2245,
32.2449,
32.2653,
32.2857,
32.3061,
32.3265,
32.3469,
32.3673,
32.3878,
32.4082,
32.4286,
32.449,
32.4694,
32.4898,
32.5102,
32.5306,
32.551,
32.5714,
32.5918,
32.6122,
32.6327,
32.6531,
32.6735,
32.6939,
32.7143,
32.7347,
32.7551,
32.7755,
32.7959,
32.8163,
32.8367,
32.8571,
32.8776,
32.898,
32.9184,
32.9388,
32.9592,
32.9796,
33,
33.0204,
33.0408,
33.0612,
33.0816,
33.102,
33.1224,
33.1429,
33.1633,
33.1837,
33.2041,
33.2245,
33.2449,
33.2653,
33.2857,
33.3061,
33.3265,
33.3469,
33.3673,
33.3878,
33.4082,
33.4286,
33.449,
33.4694,
33.4898,
33.5102,
33.5306,
33.551,
33.5714,
33.5918,
33.6122,
33.6327,
33.6531,
33.6735,
33.6939,
33.7143,
33.7347,
33.7551,
33.7755,
33.7959,
33.8163,
33.8367,
33.8571,
33.8776,
33.898,
33.9184,
33.9388,
33.9592,
33.9796,
34,
34.0204,
34.0408,
34.0612,
34.0816,
34.102,
34.1224,
34.1429,
34.1633,
34.1837,
34.2041,
34.2245,
34.2449,
34.2653,
34.2857,
34.3061,
34.3265,
34.3469,
34.3673,
34.3878,
34.4082,
34.4286,
34.449,
34.4694,
34.4898,
34.5102,
34.5306,
34.551,
34.5714,
34.5918,
34.6122,
34.6327,
34.6531,
34.6735,
34.6939,
34.7143,
34.7347,
34.7551,
34.7755,
34.7959,
34.8163,
34.8367,
34.8571,
34.8776,
34.898,
34.9184,
34.9388,
34.9592,
34.9796,
35,
35.0204,
35.0408,
35.0612,
35.0816,
35.102,
35.1224,
35.1429,
35.1633,
35.1837,
35.2041,
35.2245,
35.2449,
35.2653,
35.2857,
35.3061,
35.3265,
35.3469,
35.3673,
35.3878,
35.4082,
35.4286,
35.449,
35.4694,
35.4898,
35.5102,
35.5306,
35.551,
35.5714,
35.5918,
35.6122,
35.6327,
35.6531,
35.6735,
35.6939,
35.7143,
35.7347,
35.7551,
35.7755,
35.7959,
35.8163,
35.8367,
35.8571,
35.8776,
35.898,
35.9184,
35.9388,
35.9592,
35.9796,
36,
36.0204,
36.0408,
36.0612,
36.0816,
36.102,
36.1224,
36.1429,
36.1633,
36.1837,
36.2041,
36.2245,
36.2449,
36.2653,
36.2857,
36.3061,
36.3265,
36.3469,
36.3673,
36.3878,
36.4082,
36.4286,
36.449,
36.4694,
36.4898,
36.5102,
36.5306,
36.551,
36.5714,
36.5918,
36.6122,
36.6327,
36.6531,
36.6735,
36.6939,
36.7143,
36.7347,
36.7551,
36.7755,
36.7959,
36.8163,
36.8367,
36.8571,
36.8776,
36.898,
36.9184,
36.9388,
36.9592,
36.9796,
37,
37.0204,
37.0408,
37.0612,
37.0816,
37.102,
37.1224,
37.1429,
37.1633,
37.1837,
37.2041,
37.2245,
37.2449,
37.2653,
37.2857,
37.3061,
37.3265,
37.3469,
37.3673,
37.3878,
37.4082,
37.4286,
37.449,
37.4694,
37.4898,
37.5102,
37.5306,
37.551,
37.5714,
37.5918,
37.6122,
37.6327,
37.6531,
37.6735,
37.6939,
37.7143,
37.7347,
37.7551,
37.7755,
37.7959,
37.8163,
37.8367,
37.8571,
37.8776,
37.898,
37.9184,
37.9388,
37.9592,
37.9796,
38,
38.0204,
38.0408,
38.0612,
38.0816,
38.102,
38.1224,
38.1429,
38.1633,
38.1837,
38.2041,
38.2245,
38.2449,
38.2653,
38.2857,
38.3061,
38.3265,
38.3469,
38.3673,
38.3878,
38.4082,
38.4286,
38.449,
38.4694,
38.4898,
38.5102,
38.5306,
38.551,
38.5714,
38.5918,
38.6122,
38.6327,
38.6531,
38.6735,
38.6939,
38.7143,
38.7347,
38.7551,
38.7755,
38.7959,
38.8163,
38.8367,
38.8571,
38.8776,
38.898,
38.9184,
38.9388,
38.9592,
38.9796,
39,
39.0204,
39.0408,
39.0612,
39.0816,
39.102,
39.1224,
39.1429,
39.1633,
39.1837,
39.2041,
39.2245,
39.2449,
39.2653,
39.2857,
39.3061,
39.3265,
39.3469,
39.3673,
39.3878,
39.4082,
39.4286,
39.449,
39.4694,
39.4898,
39.5102,
39.5306,
39.551,
39.5714,
39.5918,
39.6122,
39.6327,
39.6531,
39.6735,
39.6939,
39.7143,
39.7347,
39.7551,
39.7755,
39.7959,
39.8163,
39.8367,
39.8571,
39.8776,
39.898,
39.9184,
39.9388,
39.9592,
39.9796,
40,
40.0204,
40.0408,
40.0612,
40.0816,
40.102,
40.1224,
40.1429,
40.1633,
40.1837,
40.2041,
40.2245,
40.2449,
40.2653,
40.2857,
40.3061,
40.3265,
40.3469,
40.3673,
40.3878,
40.4082,
40.4286,
40.449,
40.4694,
40.4898,
40.5102,
40.5306,
40.551,
40.5714,
40.5918,
40.6122,
40.6327,
40.6531,
40.6735,
40.6939,
40.7143,
40.7347,
40.7551,
40.7755,
40.7959,
40.8163,
40.8367,
40.8571,
40.8776,
40.898,
40.9184,
40.9388,
40.9592,
40.9796,
41,
41.0204,
41.0408,
41.0612,
41.0816,
41.102,
41.1224,
41.1429,
41.1633,
41.1837,
41.2041,
41.2245,
41.2449,
41.2653,
41.2857,
41.3061,
41.3265,
41.3469,
41.3673,
41.3878,
41.4082,
41.4286,
41.449,
41.4694,
41.4898,
41.5102,
41.5306,
41.551,
41.5714,
41.5918,
41.6122,
41.6327,
41.6531,
41.6735,
41.6939,
41.7143,
41.7347,
41.7551,
41.7755,
41.7959,
41.8163,
41.8367,
41.8571,
41.8776,
41.898,
41.9184,
41.9388,
41.9592,
41.9796,
42,
42.0204,
42.0408,
42.0612,
42.0816,
42.102,
42.1224,
42.1429,
42.1633,
42.1837,
42.2041,
42.2245,
42.2449,
42.2653,
42.2857,
42.3061,
42.3265,
42.3469,
42.3673,
42.3878,
42.4082,
42.4286,
42.449,
42.4694,
42.4898,
42.5102,
42.5306,
42.551,
42.5714,
42.5918,
42.6122,
42.6327,
42.6531,
42.6735,
42.6939,
42.7143,
42.7347,
42.7551,
42.7755,
42.7959,
42.8163,
42.8367,
42.8571,
42.8776,
42.898,
42.9184,
42.9388,
42.9592,
42.9796,
43,
43.0204,
43.0408,
43.0612,
43.0816,
43.102,
43.1224,
43.1429,
43.1633,
43.1837,
43.2041,
43.2245,
43.2449,
43.2653,
43.2857,
43.3061,
43.3265,
43.3469,
43.3673,
43.3878,
43.4082,
43.4286,
43.449,
43.4694,
43.4898,
43.5102,
43.5306,
43.551,
43.5714,
43.5918,
43.6122,
43.6327,
43.6531,
43.6735,
43.6939,
43.7143,
43.7347,
43.7551,
43.7755,
43.7959,
43.8163,
43.8367,
43.8571,
43.8776,
43.898,
43.9184,
43.9388,
43.9592,
43.9796,
44,
44.0204,
44.0408,
44.0612,
44.0816,
44.102,
44.1224,
44.1429,
44.1633,
44.1837,
44.2041,
44.2245,
44.2449,
44.2653,
44.2857,
44.3061,
44.3265,
44.3469,
44.3673,
44.3878,
44.4082,
44.4286,
44.449,
44.4694,
44.4898,
44.5102,
44.5306,
44.551,
44.5714,
44.5918,
44.6122,
44.6327,
44.6531,
44.6735,
44.6939,
44.7143,
44.7347,
44.7551,
44.7755,
44.7959,
44.8163,
44.8367,
44.8571,
44.8776,
44.898,
44.9184,
44.9388,
44.9592,
44.9796,
45,
45.0204,
45.0408,
45.0612,
45.0816,
45.102,
45.1224,
45.1429,
45.1633,
45.1837,
45.2041,
45.2245,
45.2449,
45.2653,
45.2857,
45.3061,
45.3265,
45.3469,
45.3673,
45.3878,
45.4082,
45.4286,
45.449,
45.4694,
45.4898,
45.5102,
45.5306,
45.551,
45.5714,
45.5918,
45.6122,
45.6327,
45.6531,
45.6735,
45.6939,
45.7143,
45.7347,
45.7551,
45.7755,
45.7959,
45.8163,
45.8367,
45.8571,
45.8776,
45.898,
45.9184,
45.9388,
45.9592,
45.9796,
46,
46.0204,
46.0408,
46.0612,
46.0816,
46.102,
46.1224,
46.1429,
46.1633,
46.1837,
46.2041,
46.2245,
46.2449,
46.2653,
46.2857,
46.3061,
46.3265,
46.3469,
46.3673,
46.3878,
46.4082,
46.4286,
46.449,
46.4694,
46.4898,
46.5102,
46.5306,
46.551,
46.5714,
46.5918,
46.6122,
46.6327,
46.6531,
46.6735,
46.6939,
46.7143,
46.7347,
46.7551,
46.7755,
46.7959,
46.8163,
46.8367,
46.8571,
46.8776,
46.898,
46.9184,
46.9388,
46.9592,
46.9796,
47,
47.0204,
47.0408,
47.0612,
47.0816,
47.102,
47.1224,
47.1429,
47.1633,
47.1837,
47.2041,
47.2245,
47.2449,
47.2653,
47.2857,
47.3061,
47.3265,
47.3469,
47.3673,
47.3878,
47.4082,
47.4286,
47.449,
47.4694,
47.4898,
47.5102,
47.5306,
47.551,
47.5714,
47.5918,
47.6122,
47.6327,
47.6531,
47.6735,
47.6939,
47.7143,
47.7347,
47.7551,
47.7755,
47.7959,
47.8163,
47.8367,
47.8571,
47.8776,
47.898,
47.9184,
47.9388,
47.9592,
47.9796,
48,
48.0204,
48.0408,
48.0612,
48.0816,
48.102,
48.1224,
48.1429,
48.1633,
48.1837,
48.2041,
48.2245,
48.2449,
48.2653,
48.2857,
48.3061,
48.3265,
48.3469,
48.3673,
48.3878,
48.4082,
48.4286,
48.449,
48.4694,
48.4898,
48.5102,
48.5306,
48.551,
48.5714,
48.5918,
48.6122,
48.6327,
48.6531,
48.6735,
48.6939,
48.7143,
48.7347,
48.7551,
48.7755,
48.7959,
48.8163,
48.8367,
48.8571,
48.8776,
48.898,
48.9184,
48.9388,
48.9592,
48.9796,
49,
49.0204,
49.0408,
49.0612,
49.0816,
49.102,
49.1224,
49.1429,
49.1633,
49.1837,
49.2041,
49.2245,
49.2449,
49.2653,
49.2857,
49.3061,
49.3265,
49.3469,
49.3673,
49.3878,
49.4082,
49.4286,
49.449,
49.4694,
49.4898,
49.5102,
49.5306,
49.551,
49.5714,
49.5918,
49.6122,
49.6327,
49.6531,
49.6735,
49.6939,
49.7143,
49.7347,
49.7551,
49.7755,
49.7959,
49.8163,
49.8367,
49.8571,
49.8776,
49.898,
49.9184,
49.9388,
49.9592,
49.9796,
50,
50.0204,
50.0408,
50.0612,
50.0816,
50.102,
50.1224,
50.1429,
50.1633,
50.1837,
50.2041,
50.2245,
50.2449,
50.2653,
50.2857,
50.3061,
50.3265,
50.3469,
50.3673,
50.3878,
50.4082,
50.4286,
50.449,
50.4694,
50.4898,
50.5102,
50.5306,
50.551,
50.5714,
50.5918,
50.6122,
50.6327,
50.6531,
50.6735,
50.6939,
50.7143,
50.7347,
50.7551,
50.7755,
50.7959,
50.8163,
50.8367,
50.8571,
50.8776,
50.898,
50.9184,
50.9388,
50.9592,
50.9796,
51,
51.0204,
51.0408,
51.0612,
51.0816,
51.102,
51.1224,
51.1429,
51.1633,
51.1837,
51.2041,
51.2245,
51.2449,
51.2653,
51.2857,
51.3061,
51.3265,
51.3469,
51.3673,
51.3878,
51.4082,
51.4286,
51.449,
51.4694,
51.4898,
51.5102,
51.5306,
51.551,
51.5714,
51.5918,
51.6122,
51.6327,
51.6531,
51.6735,
51.6939,
51.7143,
51.7347,
51.7551,
51.7755,
51.7959,
51.8163,
51.8367,
51.8571,
51.8776,
51.898,
51.9184,
51.9388,
51.9592,
51.9796,
52,
52.0204,
52.0408,
52.0612,
52.0816,
52.102,
52.1224,
52.1429,
52.1633,
52.1837,
52.2041,
52.2245,
52.2449,
52.2653,
52.2857,
52.3061,
52.3265,
52.3469,
52.3673,
52.3878,
52.4082,
52.4286,
52.449,
52.4694,
52.4898,
52.5102,
52.5306,
52.551,
52.5714,
52.5918,
52.6122,
52.6327,
52.6531,
52.6735,
52.6939,
52.7143,
52.7347,
52.7551,
52.7755,
52.7959,
52.8163,
52.8367,
52.8571,
52.8776,
52.898,
52.9184,
52.9388,
52.9592,
52.9796,
53,
53.0204,
53.0408,
53.0612,
53.0816,
53.102,
53.1224,
53.1429,
53.1633,
53.1837,
53.2041,
53.2245,
53.2449,
53.2653,
53.2857,
53.3061,
53.3265,
53.3469,
53.3673,
53.3878,
53.4082,
53.4286,
53.449,
53.4694,
53.4898,
53.5102,
53.5306,
53.551,
53.5714,
53.5918,
53.6122,
53.6327,
53.6531,
53.6735,
53.6939,
53.7143,
53.7347,
53.7551,
53.7755,
53.7959,
53.8163,
53.8367,
53.8571,
53.8776,
53.898,
53.9184,
53.9388,
53.9592,
53.9796,
54,
54.0204,
54.0408,
54.0612,
54.0816,
54.102,
54.1224,
54.1429,
54.1633,
54.1837,
54.2041,
54.2245,
54.2449,
54.2653,
54.2857,
54.3061,
54.3265,
54.3469,
54.3673,
54.3878,
54.4082,
54.4286,
54.449,
54.4694,
54.4898,
54.5102,
54.5306,
54.551,
54.5714,
54.5918,
54.6122,
54.6327,
54.6531,
54.6735,
54.6939,
54.7143,
54.7347,
54.7551,
54.7755,
54.7959,
54.8163,
54.8367,
54.8571,
54.8776,
54.898,
54.9184,
54.9388,
54.9592,
54.9796,
55,
55.0204,
55.0408,
55.0612,
55.0816,
55.102,
55.1224,
55.1429,
55.1633,
55.1837,
55.2041,
55.2245,
55.2449,
55.2653,
55.2857,
55.3061,
55.3265,
55.3469,
55.3673,
55.3878,
55.4082,
55.4286,
55.449,
55.4694,
55.4898,
55.5102,
55.5306,
55.551,
55.5714,
55.5918,
55.6122,
55.6327,
55.6531,
55.6735,
55.6939,
55.7143,
55.7347,
55.7551,
55.7755,
55.7959,
55.8163,
55.8367,
55.8571,
55.8776,
55.898,
55.9184,
55.9388,
55.9592,
55.9796,
56,
56.0204,
56.0408,
56.0612,
56.0816,
56.102,
56.1224,
56.1429,
56.1633,
56.1837,
56.2041,
56.2245,
56.2449,
56.2653,
56.2857,
56.3061,
56.3265,
56.3469,
56.3673,
56.3878,
56.4082,
56.4286,
56.449,
56.4694,
56.4898,
56.5102,
56.5306,
56.551,
56.5714,
56.5918,
56.6122,
56.6327,
56.6531,
56.6735,
56.6939,
56.7143,
56.7347,
56.7551,
56.7755,
56.7959,
56.8163,
56.8367,
56.8571,
56.8776,
56.898,
56.9184,
56.9388,
56.9592,
56.9796,
57,
57.0204,
57.0408,
57.0612,
57.0816,
57.102,
57.1224,
57.1429,
57.1633,
57.1837,
57.2041,
57.2245,
57.2449,
57.2653,
57.2857,
57.3061,
57.3265,
57.3469,
57.3673,
57.3878,
57.4082,
57.4286,
57.449,
57.4694,
57.4898,
57.5102,
57.5306,
57.551,
57.5714,
57.5918,
57.6122,
57.6327,
57.6531,
57.6735,
57.6939,
57.7143,
57.7347,
57.7551,
57.7755,
57.7959,
57.8163,
57.8367,
57.8571,
57.8776,
57.898,
57.9184,
57.9388,
57.9592,
57.9796,
58,
58.0204,
58.0408,
58.0612,
58.0816,
58.102,
58.1224,
58.1429,
58.1633,
58.1837,
58.2041,
58.2245,
58.2449,
58.2653,
58.2857,
58.3061,
58.3265,
58.3469,
58.3673,
58.3878,
58.4082,
58.4286,
58.449,
58.4694,
58.4898,
58.5102,
58.5306,
58.551,
58.5714,
58.5918,
58.6122,
58.6327,
58.6531,
58.6735,
58.6939,
58.7143,
58.7347,
58.7551,
58.7755,
58.7959,
58.8163,
58.8367,
58.8571,
58.8776,
58.898,
58.9184,
58.9388,
58.9592,
58.9796,
59,
59.0204,
59.0408,
59.0612,
59.0816,
59.102,
59.1224,
59.1429,
59.1633,
59.1837,
59.2041,
59.2245,
59.2449,
59.2653,
59.2857,
59.3061,
59.3265,
59.3469,
59.3673,
59.3878,
59.4082,
59.4286,
59.449,
59.4694,
59.4898,
59.5102,
59.5306,
59.551,
59.5714,
59.5918,
59.6122,
59.6327,
59.6531,
59.6735,
59.6939,
59.7143,
59.7347,
59.7551,
59.7755,
59.7959,
59.8163,
59.8367,
59.8571,
59.8776,
59.898,
59.9184,
59.9388,
59.9592,
59.9796,
60,
60.0204,
60.0408,
60.0612,
60.0816,
60.102,
60.1224,
60.1429,
60.1633,
60.1837,
60.2041,
60.2245,
60.2449,
60.2653,
60.2857,
60.3061,
60.3265,
60.3469,
60.3673,
60.3878,
60.4082,
60.4286,
60.449,
60.4694,
60.4898,
60.5102,
60.5306,
60.551,
60.5714,
60.5918,
60.6122,
60.6327,
60.6531,
60.6735,
60.6939,
60.7143,
60.7347,
60.7551,
60.7755,
60.7959,
60.8163,
60.8367,
60.8571,
60.8776,
60.898,
60.9184,
60.9388,
60.9592,
60.9796,
61,
61.0204,
61.0408,
61.0612,
61.0816,
61.102,
61.1224,
61.1429,
61.1633,
61.1837,
61.2041,
61.2245,
61.2449,
61.2653,
61.2857,
61.3061,
61.3265,
61.3469,
61.3673,
61.3878,
61.4082,
61.4286,
61.449,
61.4694,
61.4898,
61.5102,
61.5306,
61.551,
61.5714,
61.5918,
61.6122,
61.6327,
61.6531,
61.6735,
61.6939,
61.7143,
61.7347,
61.7551,
61.7755,
61.7959,
61.8163,
61.8367,
61.8571,
61.8776,
61.898,
61.9184,
61.9388,
61.9592,
61.9796,
62,
62.0204,
62.0408,
62.0612,
62.0816,
62.102,
62.1224,
62.1429,
62.1633,
62.1837,
62.2041,
62.2245,
62.2449,
62.2653,
62.2857,
62.3061,
62.3265,
62.3469,
62.3673,
62.3878,
62.4082,
62.4286,
62.449,
62.4694,
62.4898,
62.5102,
62.5306,
62.551,
62.5714,
62.5918,
62.6122,
62.6327,
62.6531,
62.6735,
62.6939,
62.7143,
62.7347,
62.7551,
62.7755,
62.7959,
62.8163,
62.8367,
62.8571,
62.8776,
62.898,
62.9184,
62.9388,
62.9592,
62.9796,
63,
63.0204,
63.0408,
63.0612,
63.0816,
63.102,
63.1224,
63.1429,
63.1633,
63.1837,
63.2041,
63.2245,
63.2449,
63.2653,
63.2857,
63.3061,
63.3265,
63.3469,
63.3673,
63.3878,
63.4082,
63.4286,
63.449,
63.4694,
63.4898,
63.5102,
63.5306,
63.551,
63.5714,
63.5918,
63.6122,
63.6327,
63.6531,
63.6735,
63.6939,
63.7143,
63.7347,
63.7551,
63.7755,
63.7959,
63.8163,
63.8367,
63.8571,
63.8776,
63.898,
63.9184,
63.9388,
63.9592,
63.9796,
64,
64.0204,
64.0408,
64.0612,
64.0816,
64.102,
64.1224,
64.1429,
64.1633,
64.1837,
64.2041,
64.2245,
64.2449,
64.2653,
64.2857,
64.3061,
64.3265,
64.3469,
64.3673,
64.3878,
64.4082,
64.4286,
64.449,
64.4694,
64.4898,
64.5102,
64.5306,
64.551,
64.5714,
64.5918,
64.6122,
64.6327,
64.6531,
64.6735,
64.6939,
64.7143,
64.7347,
64.7551,
64.7755,
64.7959,
64.8163,
64.8367,
64.8571,
64.8776,
64.898,
64.9184,
64.9388,
64.9592,
64.9796,
65,
65.0204,
65.0408,
65.0612,
65.0816,
65.102,
65.1224,
65.1429,
65.1633,
65.1837,
65.2041,
65.2245,
65.2449,
65.2653,
65.2857,
65.3061,
65.3265,
65.3469,
65.3673,
65.3878,
65.4082,
65.4286,
65.449,
65.4694,
65.4898,
65.5102,
65.5306,
65.551,
65.5714,
65.5918,
65.6122,
65.6327,
65.6531,
65.6735,
65.6939,
65.7143,
65.7347,
65.7551,
65.7755,
65.7959,
65.8163,
65.8367,
65.8571,
65.8776,
65.898,
65.9184,
65.9388,
65.9592,
65.9796,
66,
66.0204,
66.0408,
66.0612,
66.0816,
66.102,
66.1224,
66.1429,
66.1633,
66.1837,
66.2041,
66.2245,
66.2449,
66.2653,
66.2857,
66.3061,
66.3265,
66.3469,
66.3673,
66.3878,
66.4082,
66.4286,
66.449,
66.4694,
66.4898,
66.5102,
66.5306,
66.551,
66.5714,
66.5918,
66.6122,
66.6327,
66.6531,
66.6735,
66.6939,
66.7143,
66.7347,
66.7551,
66.7755,
66.7959,
66.8163,
66.8367,
66.8571,
66.8776,
66.898,
66.9184,
66.9388,
66.9592,
66.9796,
67,
67.0204,
67.0408,
67.0612,
67.0816,
67.102,
67.1224,
67.1429,
67.1633,
67.1837,
67.2041,
67.2245,
67.2449,
67.2653,
67.2857,
67.3061,
67.3265,
67.3469,
67.3673,
67.3878,
67.4082,
67.4286,
67.449,
67.4694,
67.4898,
67.5102,
67.5306,
67.551,
67.5714,
67.5918,
67.6122,
67.6327,
67.6531,
67.6735,
67.6939,
67.7143,
67.7347,
67.7551,
67.7755,
67.7959,
67.8163,
67.8367,
67.8571,
67.8776,
67.898,
67.9184,
67.9388,
67.9592,
67.9796,
68,
68.0204,
68.0408,
68.0612,
68.0816,
68.102,
68.1224,
68.1429,
68.1633,
68.1837,
68.2041,
68.2245,
68.2449,
68.2653,
68.2857,
68.3061,
68.3265,
68.3469,
68.3673,
68.3878,
68.4082,
68.4286,
68.449,
68.4694,
68.4898,
68.5102,
68.5306,
68.551,
68.5714,
68.5918,
68.6122,
68.6327,
68.6531,
68.6735,
68.6939,
68.7143,
68.7347,
68.7551,
68.7755,
68.7959,
68.8163,
68.8367,
68.8571,
68.8776,
68.898,
68.9184,
68.9388,
68.9592,
68.9796,
69,
69.0204,
69.0408,
69.0612,
69.0816,
69.102,
69.1224,
69.1429,
69.1633,
69.1837,
69.2041,
69.2245,
69.2449,
69.2653,
69.2857,
69.3061,
69.3265,
69.3469,
69.3673,
69.3878,
69.4082,
69.4286,
69.449,
69.4694,
69.4898,
69.5102,
69.5306,
69.551,
69.5714,
69.5918,
69.6122,
69.6327,
69.6531,
69.6735,
69.6939,
69.7143,
69.7347,
69.7551,
69.7755,
69.7959,
69.8163,
69.8367,
69.8571,
69.8776,
69.898,
69.9184,
69.9388,
69.9592,
69.9796,
70,
70.0204,
70.0408,
70.0612,
70.0816,
70.102,
70.1224,
70.1429,
70.1633,
70.1837,
70.2041,
70.2245,
70.2449,
70.2653,
70.2857,
70.3061,
70.3265,
70.3469,
70.3673,
70.3878,
70.4082,
70.4286,
70.449,
70.4694,
70.4898,
70.5102,
70.5306,
70.551,
70.5714,
70.5918,
70.6122,
70.6327,
70.6531,
70.6735,
70.6939,
70.7143,
70.7347,
70.7551,
70.7755,
70.7959,
70.8163,
70.8367,
70.8571,
70.8776,
70.898,
70.9184,
70.9388,
70.9592,
70.9796,
71,
71.0204,
71.0408,
71.0612,
71.0816,
71.102,
71.1224,
71.1429,
71.1633,
71.1837,
71.2041,
71.2245,
71.2449,
71.2653,
71.2857,
71.3061,
71.3265,
71.3469,
71.3673,
71.3878,
71.4082,
71.4286,
71.449,
71.4694,
71.4898,
71.5102,
71.5306,
71.551,
71.5714,
71.5918,
71.6122,
71.6327,
71.6531,
71.6735,
71.6939,
71.7143,
71.7347,
71.7551,
71.7755,
71.7959,
71.8163,
71.8367,
71.8571,
71.8776,
71.898,
71.9184,
71.9388,
71.9592,
71.9796,
72,
72.0204,
72.0408,
72.0612,
72.0816,
72.102,
72.1224,
72.1429,
72.1633,
72.1837,
72.2041,
72.2245,
72.2449,
72.2653,
72.2857,
72.3061,
72.3265,
72.3469,
72.3673,
72.3878,
72.4082,
72.4286,
72.449,
72.4694,
72.4898,
72.5102,
72.5306,
72.551,
72.5714,
72.5918,
72.6122,
72.6327,
72.6531,
72.6735,
72.6939,
72.7143,
72.7347,
72.7551,
72.7755,
72.7959,
72.8163,
72.8367,
72.8571,
72.8776,
72.898,
72.9184,
72.9388,
72.9592,
72.9796,
73,
73.0204,
73.0408,
73.0612,
73.0816,
73.102,
73.1224,
73.1429,
73.1633,
73.1837,
73.2041,
73.2245,
73.2449,
73.2653,
73.2857,
73.3061,
73.3265,
73.3469,
73.3673,
73.3878,
73.4082,
73.4286,
73.449,
73.4694,
73.4898,
73.5102,
73.5306,
73.551,
73.5714,
73.5918,
73.6122,
73.6327,
73.6531,
73.6735,
